{
  "credit": "Made with Blockbench by yungwilder",
  "texture_size": [
    32,
    32
  ],
  "textures": {
    "0": "stealfun:valentines/cupids_shield",
    "particle": "stealfun:valentines/cupids_shield"
  },
  "elements": [
    {
      "from": [
        7.5,
        0,
        7
      ],
      "to": [
        8.5,
        1,
        9
      ],
      "rotation": {
        "angle": 0,
        "axis": "y",
        "origin": [
          8.125,
          0.5,
          8
        ]
      },
      "faces": {
        "north": {
          "uv": [
            10.5,
            11.5,
            11,
            12
          ],
          "texture": "#0"
        },
        "east": {
          "uv": [
            13.5,
            8.5,
            14.5,
            9
          ],
          "texture": "#0"
        },
        "south": {
          "uv": [
            14.5,
            11,
            15,
            11.5
          ],
          "texture": "#0"
        },
        "west": {
          "uv": [
            13.5,
            10.5,
            14.5,
            11
          ],
          "texture": "#0"
        },
        "up": {
          "uv": [
            14,
            13.5,
            13.5,
            12.5
          ],
          "texture": "#0"
        },
        "down": {
          "uv": [
            14,
            13.5,
            13.5,
            14.5
          ],
          "texture": "#0"
        }
      }
    },
    {
      "from": [
        4.17157,
        -0.96447,
        7
      ],
      "to": [
        5.42157,
        4.03553,
        9
      ],
      "rotation": {
        "angle": 45,
        "axis": "z",
        "origin": [
          4.67157,
          3.53553,
          8
        ]
      },
      "faces": {
        "north": {
          "uv": [
            7,
            10.5,
            7.5,
            13
          ],
          "texture": "#0"
        },
        "east": {
          "uv": [
            8,
            4,
            9,
            6.5
          ],
          "texture": "#0"
        },
        "south": {
          "uv": [
            7.5,
            10.5,
            8,
            13
          ],
          "texture": "#0"
        },
        "west": {
          "uv": [
            5,
            8,
            6,
            10.5
          ],
          "texture": "#0"
        },
        "up": {
          "uv": [
            14.5,
            1,
            14,
            0
          ],
          "texture": "#0"
        },
        "down": {
          "uv": [
            14.5,
            1,
            14,
            2
          ],
          "texture": "#0"
        }
      }
    },
    {
      "from": [
        3.42785,
        2.83103,
        6.875
      ],
      "to": [
        3.42785,
        7.83103,
        9.125
      ],
      "rotation": {
        "angle": 22.5,
        "axis": "z",
        "origin": [
          4.05285,
          4.33103,
          8
        ]
      },
      "faces": {
        "north": {
          "uv": [
            2.5,
            5.5,
            3.5,
            8
          ],
          "texture": "#0"
        },
        "east": {
          "uv": [
            2.5,
            5.5,
            3.5,
            8
          ],
          "texture": "#0"
        },
        "south": {
          "uv": [
            2.5,
            5.5,
            3.5,
            8
          ],
          "texture": "#0"
        },
        "west": {
          "uv": [
            3.5,
            5.5,
            2.5,
            8
          ],
          "texture": "#0"
        }
      }
    },
    {
      "from": [
        3.42785,
        2.83103,
        9.125
      ],
      "to": [
        5.42785,
        7.83103,
        9.125
      ],
      "rotation": {
        "angle": 22.5,
        "axis": "z",
        "origin": [
          4.05285,
          4.33103,
          8
        ]
      },
      "faces": {
        "north": {
          "uv": [
            2.5,
            5.5,
            3.5,
            8
          ],
          "texture": "#0"
        },
        "south": {
          "uv": [
            2.5,
            5.5,
            3.5,
            8
          ],
          "texture": "#0"
        },
        "west": {
          "uv": [
            3.5,
            5.5,
            2.5,
            8
          ],
          "texture": "#0"
        }
      }
    },
    {
      "from": [
        3.42785,
        2.83103,
        6.875
      ],
      "to": [
        5.42785,
        7.83103,
        6.875
      ],
      "rotation": {
        "angle": 22.5,
        "axis": "z",
        "origin": [
          4.05285,
          4.33103,
          8
        ]
      },
      "faces": {
        "north": {
          "uv": [
            2.5,
            5.5,
            3.5,
            8
          ],
          "texture": "#0"
        },
        "south": {
          "uv": [
            2.5,
            5.5,
            3.5,
            8
          ],
          "texture": "#0"
        },
        "west": {
          "uv": [
            3.5,
            5.5,
            2.5,
            8
          ],
          "texture": "#0"
        }
      }
    },
    {
      "from": [
        12.57215,
        2.83103,
        6.875
      ],
      "to": [
        12.57215,
        7.83103,
        9.125
      ],
      "rotation": {
        "angle": -22.5,
        "axis": "z",
        "origin": [
          11.94715,
          4.33103,
          8
        ]
      },
      "faces": {
        "north": {
          "uv": [
            3.5,
            5.5,
            2.5,
            8
          ],
          "texture": "#0"
        },
        "east": {
          "uv": [
            2.5,
            5.5,
            3.5,
            8
          ],
          "texture": "#0"
        },
        "south": {
          "uv": [
            3.5,
            5.5,
            2.5,
            8
          ],
          "texture": "#0"
        },
        "west": {
          "uv": [
            3.5,
            5.5,
            2.5,
            8
          ],
          "texture": "#0"
        }
      }
    },
    {
      "from": [
        10.57215,
        2.83103,
        6.875
      ],
      "to": [
        12.57215,
        7.83103,
        6.875
      ],
      "rotation": {
        "angle": -22.5,
        "axis": "z",
        "origin": [
          11.94715,
          4.33103,
          8
        ]
      },
      "faces": {
        "north": {
          "uv": [
            3.5,
            5.5,
            2.5,
            8
          ],
          "texture": "#0"
        },
        "east": {
          "uv": [
            2.5,
            5.5,
            3.5,
            8
          ],
          "texture": "#0"
        },
        "south": {
          "uv": [
            3.5,
            5.5,
            2.5,
            8
          ],
          "texture": "#0"
        }
      }
    },
    {
      "from": [
        10.57215,
        2.83103,
        9.125
      ],
      "to": [
        12.57215,
        7.83103,
        9.125
      ],
      "rotation": {
        "angle": -22.5,
        "axis": "z",
        "origin": [
          11.94715,
          4.33103,
          8
        ]
      },
      "faces": {
        "north": {
          "uv": [
            3.5,
            5.5,
            2.5,
            8
          ],
          "texture": "#0"
        },
        "east": {
          "uv": [
            2.5,
            5.5,
            3.5,
            8
          ],
          "texture": "#0"
        },
        "south": {
          "uv": [
            3.5,
            5.5,
            2.5,
            8
          ],
          "texture": "#0"
        }
      }
    },
    {
      "from": [
        2.9697,
        3.53657,
        7.025
      ],
      "to": [
        4.2197,
        8.53657,
        8.975
      ],
      "rotation": {
        "angle": 22.5,
        "axis": "z",
        "origin": [
          3.4697,
          6.03657,
          8
        ]
      },
      "faces": {
        "north": {
          "uv": [
            11,
            7,
            11.5,
            9.5
          ],
          "texture": "#0"
        },
        "east": {
          "uv": [
            6,
            8,
            7,
            10.5
          ],
          "texture": "#0"
        },
        "south": {
          "uv": [
            11,
            9.5,
            11.5,
            12
          ],
          "texture": "#0"
        },
        "west": {
          "uv": [
            8,
            6.5,
            9,
            9
          ],
          "texture": "#0"
        },
        "up": {
          "uv": [
            14.5,
            3,
            14,
            2
          ],
          "texture": "#0"
        },
        "down": {
          "uv": [
            14.5,
            3,
            14,
            4
          ],
          "texture": "#0"
        }
      }
    },
    {
      "from": [
        2.05105,
        8.15493,
        7
      ],
      "to": [
        3.30105,
        13.15493,
        9
      ],
      "rotation": {
        "angle": 0,
        "axis": "z",
        "origin": [
          2.55105,
          10.65493,
          8
        ]
      },
      "faces": {
        "north": {
          "uv": [
            5,
            11.5,
            5.5,
            14
          ],
          "texture": "#0"
        },
        "east": {
          "uv": [
            7,
            8,
            8,
            10.5
          ],
          "texture": "#0"
        },
        "south": {
          "uv": [
            5.5,
            11.5,
            6,
            14
          ],
          "texture": "#0"
        },
        "west": {
          "uv": [
            9,
            4,
            10,
            6.5
          ],
          "texture": "#0"
        },
        "up": {
          "uv": [
            5.5,
            15,
            5,
            14
          ],
          "texture": "#0"
        },
        "down": {
          "uv": [
            6,
            14,
            5.5,
            15
          ],
          "texture": "#0"
        }
      }
    },
    {
      "from": [
        12.69895,
        8.15493,
        7
      ],
      "to": [
        13.94895,
        13.15493,
        9
      ],
      "rotation": {
        "angle": 0,
        "axis": "z",
        "origin": [
          13.44895,
          10.65493,
          8
        ]
      },
      "faces": {
        "north": {
          "uv": [
            8.5,
            11.5,
            9,
            14
          ],
          "texture": "#0"
        },
        "east": {
          "uv": [
            10,
            6.5,
            11,
            9
          ],
          "texture": "#0"
        },
        "south": {
          "uv": [
            9,
            11.5,
            9.5,
            14
          ],
          "texture": "#0"
        },
        "west": {
          "uv": [
            10,
            9,
            11,
            11.5
          ],
          "texture": "#0"
        },
        "up": {
          "uv": [
            9,
            15,
            8.5,
            14
          ],
          "texture": "#0"
        },
        "down": {
          "uv": [
            9.5,
            14,
            9,
            15
          ],
          "texture": "#0"
        }
      }
    },
    {
      "from": [
        3.04895,
        8.15493,
        8.5
      ],
      "to": [
        12.94895,
        11.15493,
        10
      ],
      "rotation": {
        "angle": 0,
        "axis": "z",
        "origin": [
          13.44895,
          10.65493,
          8
        ]
      },
      "faces": {
        "north": {
          "uv": [
            8.5,
            0,
            13.5,
            1.5
          ],
          "texture": "#0"
        },
        "east": {
          "uv": [
            7.5,
            13,
            8,
            14.5
          ],
          "texture": "#0"
        },
        "south": {
          "uv": [
            8.5,
            1.5,
            13.5,
            3
          ],
          "texture": "#0"
        },
        "west": {
          "uv": [
            13.5,
            7,
            14,
            8.5
          ],
          "texture": "#0"
        },
        "up": {
          "uv": [
            13.5,
            3.5,
            8.5,
            3
          ],
          "texture": "#0"
        },
        "down": {
          "uv": [
            13.5,
            3.5,
            8.5,
            4
          ],
          "texture": "#0"
        }
      }
    },
    {
      "from": [
        4.94895,
        9.15493,
        11
      ],
      "to": [
        5.94895,
        10.15493,
        15
      ],
      "rotation": {
        "angle": 0,
        "axis": "z",
        "origin": [
          13.44895,
          10.65493,
          8
        ]
      },
      "faces": {
        "north": {
          "uv": [
            14.5,
            11.5,
            15,
            12
          ],
          "texture": "#0"
        },
        "east": {
          "uv": [
            12,
            9,
            14,
            9.5
          ],
          "texture": "#0"
        },
        "south": {
          "uv": [
            12,
            14.5,
            12.5,
            15
          ],
          "texture": "#0"
        },
        "west": {
          "uv": [
            12.5,
            9.5,
            14.5,
            10
          ],
          "texture": "#0"
        },
        "up": {
          "uv": [
            10,
            14.5,
            9.5,
            12.5
          ],
          "texture": "#0"
        },
        "down": {
          "uv": [
            10.5,
            12.5,
            10,
            14.5
          ],
          "texture": "#0"
        }
      }
    },
    {
      "from": [
        9.94895,
        9.15493,
        11
      ],
      "to": [
        10.94895,
        10.15493,
        15
      ],
      "rotation": {
        "angle": 0,
        "axis": "z",
        "origin": [
          13.44895,
          10.65493,
          8
        ]
      },
      "faces": {
        "north": {
          "uv": [
            14.5,
            12,
            15,
            12.5
          ],
          "texture": "#0"
        },
        "east": {
          "uv": [
            12.5,
            10,
            14.5,
            10.5
          ],
          "texture": "#0"
        },
        "south": {
          "uv": [
            12.5,
            14.5,
            13,
            15
          ],
          "texture": "#0"
        },
        "west": {
          "uv": [
            11.5,
            12.5,
            13.5,
            13
          ],
          "texture": "#0"
        },
        "up": {
          "uv": [
            7.5,
            15,
            7,
            13
          ],
          "texture": "#0"
        },
        "down": {
          "uv": [
            13.5,
            7,
            13,
            9
          ],
          "texture": "#0"
        }
      }
    },
    {
      "from": [
        9.44895,
        8.65493,
        10
      ],
      "to": [
        11.44895,
        10.65493,
        11
      ],
      "rotation": {
        "angle": 0,
        "axis": "z",
        "origin": [
          13.44895,
          10.65493,
          8
        ]
      },
      "faces": {
        "north": {
          "uv": [
            10.5,
            13,
            11.5,
            14
          ],
          "texture": "#0"
        },
        "east": {
          "uv": [
            14.5,
            7,
            15,
            8
          ],
          "texture": "#0"
        },
        "south": {
          "uv": [
            11.5,
            13,
            12.5,
            14
          ],
          "texture": "#0"
        },
        "west": {
          "uv": [
            7.5,
            14.5,
            8,
            15.5
          ],
          "texture": "#0"
        },
        "up": {
          "uv": [
            15.5,
            9,
            14.5,
            8.5
          ],
          "texture": "#0"
        },
        "down": {
          "uv": [
            10.5,
            14.5,
            9.5,
            15
          ],
          "texture": "#0"
        }
      }
    },
    {
      "from": [
        4.44895,
        8.65493,
        10
      ],
      "to": [
        6.44895,
        10.65493,
        11
      ],
      "rotation": {
        "angle": 0,
        "axis": "z",
        "origin": [
          13.44895,
          10.65493,
          8
        ]
      },
      "faces": {
        "north": {
          "uv": [
            12.5,
            13,
            13.5,
            14
          ],
          "texture": "#0"
        },
        "east": {
          "uv": [
            14.5,
            9.5,
            15,
            10.5
          ],
          "texture": "#0"
        },
        "south": {
          "uv": [
            13.5,
            5,
            14.5,
            6
          ],
          "texture": "#0"
        },
        "west": {
          "uv": [
            10.5,
            14.5,
            11,
            15.5
          ],
          "texture": "#0"
        },
        "up": {
          "uv": [
            15.5,
            11,
            14.5,
            10.5
          ],
          "texture": "#0"
        },
        "down": {
          "uv": [
            12,
            14.5,
            11,
            15
          ],
          "texture": "#0"
        }
      }
    },
    {
      "from": [
        5.94895,
        9.15493,
        14
      ],
      "to": [
        9.94895,
        10.15493,
        15
      ],
      "rotation": {
        "angle": 0,
        "axis": "z",
        "origin": [
          13.44895,
          10.65493,
          8
        ]
      },
      "faces": {
        "north": {
          "uv": [
            12.5,
            11.5,
            14.5,
            12
          ],
          "texture": "#0"
        },
        "east": {
          "uv": [
            13,
            14.5,
            13.5,
            15
          ],
          "texture": "#0"
        },
        "south": {
          "uv": [
            12.5,
            12,
            14.5,
            12.5
          ],
          "texture": "#0"
        },
        "west": {
          "uv": [
            13.5,
            14.5,
            14,
            15
          ],
          "texture": "#0"
        },
        "up": {
          "uv": [
            15,
            4.5,
            13,
            4
          ],
          "texture": "#0"
        },
        "down": {
          "uv": [
            15,
            4.5,
            13,
            5
          ],
          "texture": "#0"
        }
      }
    },
    {
      "from": [
        2.94895,
        0.15493,
        8
      ],
      "to": [
        12.94895,
        16.15493,
        8
      ],
      "rotation": {
        "angle": 0,
        "axis": "z",
        "origin": [
          13.44895,
          10.65493,
          8
        ]
      },
      "faces": {
        "north": {
          "uv": [
            0,
            8,
            5,
            16
          ],
          "texture": "#0"
        },
        "east": {
          "uv": [
            0,
            0,
            0,
            8
          ],
          "texture": "#0"
        },
        "south": {
          "uv": [
            5,
            8,
            0,
            16
          ],
          "texture": "#0"
        },
        "west": {
          "uv": [
            0,
            0,
            0,
            8
          ],
          "texture": "#0"
        },
        "up": {
          "uv": [
            5,
            0,
            0,
            0
          ],
          "texture": "#0"
        },
        "down": {
          "uv": [
            5,
            0,
            0,
            0
          ],
          "texture": "#0"
        }
      }
    },
    {
      "from": [
        1.82395,
        -0.15757,
        6.85
      ],
      "to": [
        14.19895,
        14.84243,
        9.1
      ],
      "rotation": {
        "angle": 0,
        "axis": "z",
        "origin": [
          13.44895,
          10.65493,
          8
        ]
      },
      "faces": {
        "north": {
          "uv": [
            0,
            0,
            6,
            7.5
          ],
          "texture": "#0"
        },
        "east": {
          "uv": [
            6,
            0,
            7,
            7.5
          ],
          "texture": "#0"
        },
        "south": {
          "uv": [
            6,
            0,
            0,
            7.5
          ],
          "texture": "#0"
        },
        "west": {
          "uv": [
            6,
            0,
            7,
            7.5
          ],
          "texture": "#0"
        },
        "up": {
          "uv": [
            8,
            0,
            7,
            6
          ],
          "rotation": 90,
          "texture": "#0"
        },
        "down": {
          "uv": [
            6,
            6.5,
            0,
            7.5
          ],
          "texture": "#0"
        }
      }
    },
    {
      "from": [
        14.19895,
        -0.15757,
        6.85
      ],
      "to": [
        14.19895,
        14.84243,
        9.1
      ],
      "rotation": {
        "angle": 0,
        "axis": "z",
        "origin": [
          13.44895,
          10.65493,
          8
        ]
      },
      "faces": {
        "north": {
          "uv": [
            0,
            0,
            6,
            7.5
          ],
          "texture": "#0"
        },
        "south": {
          "uv": [
            6,
            0,
            0,
            7.5
          ],
          "texture": "#0"
        },
        "west": {
          "uv": [
            6,
            0,
            7,
            7.5
          ],
          "texture": "#0"
        },
        "up": {
          "uv": [
            8,
            0,
            7,
            6
          ],
          "rotation": 90,
          "texture": "#0"
        },
        "down": {
          "uv": [
            6,
            6.5,
            0,
            7.5
          ],
          "texture": "#0"
        }
      }
    },
    {
      "from": [
        1.82395,
        -0.15757,
        6.85
      ],
      "to": [
        1.82395,
        14.84243,
        9.1
      ],
      "rotation": {
        "angle": 0,
        "axis": "z",
        "origin": [
          13.44895,
          10.65493,
          8
        ]
      },
      "faces": {
        "north": {
          "uv": [
            0,
            0,
            6,
            7.5
          ],
          "texture": "#0"
        },
        "east": {
          "uv": [
            6,
            0,
            7,
            7.5
          ],
          "texture": "#0"
        },
        "south": {
          "uv": [
            6,
            0,
            0,
            7.5
          ],
          "texture": "#0"
        },
        "up": {
          "uv": [
            8,
            0,
            7,
            6
          ],
          "rotation": 90,
          "texture": "#0"
        },
        "down": {
          "uv": [
            6,
            6.5,
            0,
            7.5
          ],
          "texture": "#0"
        }
      }
    },
    {
      "from": [
        1.82395,
        -0.15757,
        9.1
      ],
      "to": [
        14.19895,
        14.84243,
        9.1
      ],
      "rotation": {
        "angle": 0,
        "axis": "z",
        "origin": [
          13.44895,
          10.65493,
          8
        ]
      },
      "faces": {
        "north": {
          "uv": [
            0,
            0,
            6,
            7.5
          ],
          "texture": "#0"
        },
        "east": {
          "uv": [
            6,
            0,
            7,
            7.5
          ],
          "texture": "#0"
        },
        "west": {
          "uv": [
            6,
            0,
            7,
            7.5
          ],
          "texture": "#0"
        },
        "up": {
          "uv": [
            8,
            0,
            7,
            6
          ],
          "rotation": 90,
          "texture": "#0"
        },
        "down": {
          "uv": [
            6,
            6.5,
            0,
            7.5
          ],
          "texture": "#0"
        }
      }
    },
    {
      "from": [
        1.82395,
        -0.15757,
        6.85
      ],
      "to": [
        14.19895,
        14.84243,
        6.85
      ],
      "rotation": {
        "angle": 0,
        "axis": "z",
        "origin": [
          13.44895,
          10.65493,
          8
        ]
      },
      "faces": {
        "east": {
          "uv": [
            6,
            0,
            7,
            7.5
          ],
          "texture": "#0"
        },
        "south": {
          "uv": [
            6,
            0,
            0,
            7.5
          ],
          "texture": "#0"
        },
        "west": {
          "uv": [
            6,
            0,
            7,
            7.5
          ],
          "texture": "#0"
        },
        "up": {
          "uv": [
            8,
            0,
            7,
            6
          ],
          "rotation": 90,
          "texture": "#0"
        },
        "down": {
          "uv": [
            6,
            6.5,
            0,
            7.5
          ],
          "texture": "#0"
        }
      }
    },
    {
      "from": [
        1.82395,
        -0.15757,
        6.85
      ],
      "to": [
        14.19895,
        -0.15757,
        9.1
      ],
      "rotation": {
        "angle": 0,
        "axis": "z",
        "origin": [
          13.44895,
          10.65493,
          8
        ]
      },
      "faces": {
        "north": {
          "uv": [
            0,
            0,
            6,
            7.5
          ],
          "texture": "#0"
        },
        "east": {
          "uv": [
            6,
            0,
            7,
            7.5
          ],
          "texture": "#0"
        },
        "south": {
          "uv": [
            6,
            0,
            0,
            7.5
          ],
          "texture": "#0"
        },
        "west": {
          "uv": [
            6,
            0,
            7,
            7.5
          ],
          "texture": "#0"
        },
        "up": {
          "uv": [
            0,
            6.5,
            6,
            7.5
          ],
          "rotation": 180,
          "texture": "#0"
        },
        "down": {
          "uv": [
            6,
            6.5,
            0,
            7.5
          ],
          "texture": "#0"
        }
      }
    },
    {
      "from": [
        3.82165,
        13.30821,
        7.025
      ],
      "to": [
        5.82165,
        14.55821,
        8.975
      ],
      "rotation": {
        "angle": 22.5,
        "axis": "z",
        "origin": [
          4.32165,
          13.80821,
          8
        ]
      },
      "faces": {
        "north": {
          "uv": [
            13.5,
            11,
            14.5,
            11.5
          ],
          "texture": "#0"
        },
        "east": {
          "uv": [
            14,
            8,
            15,
            8.5
          ],
          "texture": "#0"
        },
        "south": {
          "uv": [
            14,
            9,
            15,
            9.5
          ],
          "texture": "#0"
        },
        "west": {
          "uv": [
            10.5,
            14,
            11.5,
            14.5
          ],
          "texture": "#0"
        },
        "up": {
          "uv": [
            10.5,
            12.5,
            9.5,
            11.5
          ],
          "texture": "#0"
        },
        "down": {
          "uv": [
            12.5,
            9.5,
            11.5,
            10.5
          ],
          "texture": "#0"
        }
      }
    },
    {
      "from": [
        2.05105,
        13.15493,
        7
      ],
      "to": [
        4.05105,
        14.40493,
        9
      ],
      "rotation": {
        "angle": 0,
        "axis": "z",
        "origin": [
          3.05105,
          13.65493,
          8
        ]
      },
      "faces": {
        "north": {
          "uv": [
            14,
            12.5,
            15,
            13
          ],
          "texture": "#0"
        },
        "east": {
          "uv": [
            14,
            13,
            15,
            13.5
          ],
          "texture": "#0"
        },
        "south": {
          "uv": [
            14,
            13.5,
            15,
            14
          ],
          "texture": "#0"
        },
        "west": {
          "uv": [
            14,
            14,
            15,
            14.5
          ],
          "texture": "#0"
        },
        "up": {
          "uv": [
            12.5,
            12.5,
            11.5,
            11.5
          ],
          "texture": "#0"
        },
        "down": {
          "uv": [
            13,
            7,
            12,
            8
          ],
          "texture": "#0"
        }
      }
    },
    {
      "from": [
        7.04053,
        15.18807,
        6.975
      ],
      "to": [
        11.04053,
        16.43807,
        9.025
      ],
      "rotation": {
        "angle": -45,
        "axis": "z",
        "origin": [
          9.04053,
          15.68807,
          8
        ]
      },
      "faces": {
        "north": {
          "uv": [
            13.5,
            6,
            15,
            6.5
          ],
          "texture": "#0"
        },
        "east": {
          "uv": [
            14.5,
            5,
            15.5,
            5.5
          ],
          "texture": "#0"
        },
        "south": {
          "uv": [
            13.5,
            6.5,
            15,
            7
          ],
          "texture": "#0"
        },
        "west": {
          "uv": [
            14.5,
            5.5,
            15.5,
            6
          ],
          "texture": "#0"
        },
        "up": {
          "uv": [
            12.5,
            6,
            11,
            5
          ],
          "texture": "#0"
        },
        "down": {
          "uv": [
            12.5,
            6,
            11,
            7
          ],
          "texture": "#0"
        }
      }
    },
    {
      "from": [
        4.95947,
        15.18807,
        7
      ],
      "to": [
        8.95947,
        16.43807,
        9
      ],
      "rotation": {
        "angle": 45,
        "axis": "z",
        "origin": [
          6.95947,
          15.68807,
          8
        ]
      },
      "faces": {
        "north": {
          "uv": [
            15,
            6,
            13.5,
            6.5
          ],
          "texture": "#0"
        },
        "east": {
          "uv": [
            15.5,
            5.5,
            14.5,
            6
          ],
          "texture": "#0"
        },
        "south": {
          "uv": [
            15,
            6.5,
            13.5,
            7
          ],
          "texture": "#0"
        },
        "west": {
          "uv": [
            15.5,
            5,
            14.5,
            5.5
          ],
          "texture": "#0"
        },
        "up": {
          "uv": [
            11,
            6,
            12.5,
            5
          ],
          "texture": "#0"
        },
        "down": {
          "uv": [
            11,
            6,
            12.5,
            7
          ],
          "texture": "#0"
        }
      }
    },
    {
      "from": [
        7.84335,
        17.38261,
        7.025
      ],
      "to": [
        8.15585,
        17.63261,
        8.975
      ],
      "rotation": {
        "angle": 0,
        "axis": "z",
        "origin": [
          9.84335,
          17.00761,
          8
        ]
      },
      "faces": {
        "north": {
          "uv": [
            15,
            6,
            14.5,
            6.5
          ],
          "texture": "#0"
        },
        "east": {
          "uv": [
            15,
            6,
            14.5,
            6.5
          ],
          "texture": "#0"
        },
        "south": {
          "uv": [
            15,
            6,
            14.5,
            6.5
          ],
          "texture": "#0"
        },
        "west": {
          "uv": [
            15,
            6,
            14.5,
            6.5
          ],
          "texture": "#0"
        },
        "up": {
          "uv": [
            15,
            6,
            14.5,
            6.5
          ],
          "texture": "#0"
        },
        "down": {
          "uv": [
            15,
            6,
            14.5,
            6.5
          ],
          "texture": "#0"
        }
      }
    },
    {
      "from": [
        10.17835,
        13.30821,
        7.025
      ],
      "to": [
        12.17835,
        14.55821,
        8.975
      ],
      "rotation": {
        "angle": -22.5,
        "axis": "z",
        "origin": [
          11.67835,
          13.80821,
          8
        ]
      },
      "faces": {
        "north": {
          "uv": [
            14.5,
            2,
            15.5,
            2.5
          ],
          "texture": "#0"
        },
        "east": {
          "uv": [
            14.5,
            2.5,
            15.5,
            3
          ],
          "texture": "#0"
        },
        "south": {
          "uv": [
            14.5,
            3,
            15.5,
            3.5
          ],
          "texture": "#0"
        },
        "west": {
          "uv": [
            14.5,
            3.5,
            15.5,
            4
          ],
          "texture": "#0"
        },
        "up": {
          "uv": [
            13.5,
            6,
            12.5,
            5
          ],
          "texture": "#0"
        },
        "down": {
          "uv": [
            13.5,
            6,
            12.5,
            7
          ],
          "texture": "#0"
        }
      }
    },
    {
      "from": [
        11.94895,
        13.15493,
        7
      ],
      "to": [
        13.94895,
        14.40493,
        9
      ],
      "rotation": {
        "angle": 0,
        "axis": "z",
        "origin": [
          12.94895,
          13.65493,
          8
        ]
      },
      "faces": {
        "north": {
          "uv": [
            14.5,
            0,
            15.5,
            0.5
          ],
          "texture": "#0"
        },
        "east": {
          "uv": [
            14.5,
            0.5,
            15.5,
            1
          ],
          "texture": "#0"
        },
        "south": {
          "uv": [
            14.5,
            1,
            15.5,
            1.5
          ],
          "texture": "#0"
        },
        "west": {
          "uv": [
            14.5,
            1.5,
            15.5,
            2
          ],
          "texture": "#0"
        },
        "up": {
          "uv": [
            13,
            9,
            12,
            8
          ],
          "texture": "#0"
        },
        "down": {
          "uv": [
            11.5,
            12,
            10.5,
            13
          ],
          "texture": "#0"
        }
      }
    },
    {
      "from": [
        11.7803,
        3.53657,
        7.025
      ],
      "to": [
        13.0303,
        8.53657,
        8.975
      ],
      "rotation": {
        "angle": -22.5,
        "axis": "z",
        "origin": [
          12.5303,
          6.03657,
          8
        ]
      },
      "faces": {
        "north": {
          "uv": [
            11.5,
            7,
            12,
            9.5
          ],
          "texture": "#0"
        },
        "east": {
          "uv": [
            9,
            9,
            10,
            11.5
          ],
          "texture": "#0"
        },
        "south": {
          "uv": [
            8,
            11.5,
            8.5,
            14
          ],
          "texture": "#0"
        },
        "west": {
          "uv": [
            10,
            4,
            11,
            6.5
          ],
          "texture": "#0"
        },
        "up": {
          "uv": [
            14.5,
            8,
            14,
            7
          ],
          "texture": "#0"
        },
        "down": {
          "uv": [
            8.5,
            14,
            8,
            15
          ],
          "texture": "#0"
        }
      }
    },
    {
      "from": [
        10.57843,
        -0.96447,
        7
      ],
      "to": [
        11.82843,
        4.03553,
        9
      ],
      "rotation": {
        "angle": -45,
        "axis": "z",
        "origin": [
          11.32843,
          3.53553,
          8
        ]
      },
      "faces": {
        "north": {
          "uv": [
            6,
            11.5,
            6.5,
            14
          ],
          "texture": "#0"
        },
        "east": {
          "uv": [
            9,
            6.5,
            10,
            9
          ],
          "texture": "#0"
        },
        "south": {
          "uv": [
            6.5,
            11.5,
            7,
            14
          ],
          "texture": "#0"
        },
        "west": {
          "uv": [
            8,
            9,
            9,
            11.5
          ],
          "texture": "#0"
        },
        "up": {
          "uv": [
            6.5,
            15,
            6,
            14
          ],
          "texture": "#0"
        },
        "down": {
          "uv": [
            7,
            14,
            6.5,
            15
          ],
          "texture": "#0"
        }
      }
    }
  ],
  "gui_light": "front",
  "display": {
    "thirdperson_righthand": {
      "rotation": [
        90,
        -90,
        0
      ],
      "translation": [
        4,
        -2,
        1.25
      ]
    },
    "thirdperson_lefthand": {
      "rotation": [
        90,
        -90,
        0
      ],
      "translation": [
        4,
        -2,
        1.25
      ]
    },
    "firstperson_righthand": {
      "rotation": [
        0,
        -45,
        0
      ],
      "translation": [
        2,
        0,
        0
      ],
      "scale": [
        0.7,
        0.7,
        0.7
      ]
    },
    "firstperson_lefthand": {
      "rotation": [
        0,
        -45,
        0
      ],
      "translation": [
        2,
        0,
        0
      ],
      "scale": [
        0.7,
        0.7,
        0.7
      ]
    },
    "ground": {
      "scale": [
        0.3,
        0.3,
        0.3
      ]
    },
    "gui": {
      "rotation": [
        15,
        -135,
        0
      ],
      "translation": [
        0,
        -0.5,
        0
      ],
      "scale": [
        0.8,
        0.8,
        0.8
      ]
    },
    "head": {
      "rotation": [
        56,
        0,
        0
      ],
      "translation": [
        0,
        11.5,
        0
      ]
    },
    "fixed": {
      "translation": [
        0,
        -0.5,
        -1
      ]
    }
  }
}