{
  "credit": "Made with Blockbench by yungwilder",
  "texture_size": [
    32,
    32
  ],
  "textures": {
    "1": "stealfun:valentines/cupids_shortsword",
    "particle": "stealfun:valentines/cupids_shortsword"
  },
  "elements": [
    {
      "from": [
        7.5,
        -13,
        6.25
      ],
      "to": [
        11.5,
        -9,
        8.75
      ],
      "rotation": {
        "angle": 45,
        "axis": "z",
        "origin": [
          8,
          -12.5,
          7.5
        ]
      },
      "faces": {
        "north": {
          "uv": [
            9,
            0,
            11,
            2
          ],
          "texture": "#1"
        },
        "east": {
          "uv": [
            4.5,
            9,
            6,
            11
          ],
          "texture": "#1"
        },
        "south": {
          "uv": [
            9,
            2,
            11,
            4
          ],
          "texture": "#1"
        },
        "west": {
          "uv": [
            6,
            9,
            7.5,
            11
          ],
          "texture": "#1"
        },
        "up": {
          "uv": [
            11.5,
            5.5,
            9.5,
            4
          ],
          "texture": "#1"
        },
        "down": {
          "uv": [
            11.5,
            5.5,
            9.5,
            7
          ],
          "texture": "#1"
        }
      }
    },
    {
      "from": [
        7,
        -12,
        6.5
      ],
      "to": [
        9,
        -2,
        8.5
      ],
      "rotation": {
        "angle": 0,
        "axis": "z",
        "origin": [
          8,
          -12.5,
          7.5
        ]
      },
      "faces": {
        "north": {
          "uv": [
            7,
            0,
            8,
            5
          ],
          "texture": "#1"
        },
        "east": {
          "uv": [
            7.5,
            5,
            8.5,
            10
          ],
          "texture": "#1"
        },
        "south": {
          "uv": [
            8,
            0,
            9,
            5
          ],
          "texture": "#1"
        },
        "west": {
          "uv": [
            8.5,
            5,
            9.5,
            10
          ],
          "texture": "#1"
        },
        "up": {
          "uv": [
            14,
            11,
            13,
            10
          ],
          "texture": "#1"
        },
        "down": {
          "uv": [
            14,
            11,
            13,
            12
          ],
          "texture": "#1"
        }
      }
    },
    {
      "from": [
        6.5,
        -2.5,
        5.75
      ],
      "to": [
        9.5,
        0.5,
        9.25
      ],
      "rotation": {
        "angle": 45,
        "axis": "z",
        "origin": [
          8,
          -1,
          7.5
        ]
      },
      "faces": {
        "north": {
          "uv": [
            11.5,
            3.5,
            13,
            5
          ],
          "texture": "#1"
        },
        "east": {
          "uv": [
            9.5,
            7,
            11.5,
            8.5
          ],
          "texture": "#1"
        },
        "south": {
          "uv": [
            11.5,
            5,
            13,
            6.5
          ],
          "texture": "#1"
        },
        "west": {
          "uv": [
            9.5,
            8.5,
            11.5,
            10
          ],
          "texture": "#1"
        },
        "up": {
          "uv": [
            9,
            12,
            7.5,
            10
          ],
          "texture": "#1"
        },
        "down": {
          "uv": [
            10.5,
            10,
            9,
            12
          ],
          "texture": "#1"
        }
      }
    },
    {
      "from": [
        6,
        -0.5,
        6.5
      ],
      "to": [
        11,
        4.5,
        8.5
      ],
      "rotation": {
        "angle": -45,
        "axis": "z",
        "origin": [
          8,
          2.5,
          7.5
        ]
      },
      "faces": {
        "north": {
          "uv": [
            4.5,
            0,
            7,
            2.5
          ],
          "texture": "#1"
        },
        "east": {
          "uv": [
            10.5,
            10,
            11.5,
            12.5
          ],
          "texture": "#1"
        },
        "south": {
          "uv": [
            4.5,
            2.5,
            7,
            5
          ],
          "texture": "#1"
        },
        "west": {
          "uv": [
            11,
            0,
            12,
            2.5
          ],
          "texture": "#1"
        },
        "up": {
          "uv": [
            13.5,
            3.5,
            11,
            2.5
          ],
          "texture": "#1"
        },
        "down": {
          "uv": [
            7,
            11,
            4.5,
            12
          ],
          "texture": "#1"
        }
      }
    },
    {
      "from": [
        3.5,
        0.36396,
        7.5
      ],
      "to": [
        12.5,
        28.36396,
        7.5
      ],
      "rotation": {
        "angle": 0,
        "axis": "z",
        "origin": [
          8,
          12.36396,
          7.5
        ]
      },
      "faces": {
        "north": {
          "uv": [
            0,
            0,
            4.5,
            14
          ],
          "texture": "#1"
        },
        "east": {
          "uv": [
            0,
            0,
            0,
            14
          ],
          "texture": "#1"
        },
        "south": {
          "uv": [
            4.5,
            0,
            0,
            14
          ],
          "texture": "#1"
        },
        "west": {
          "uv": [
            0,
            0,
            0,
            14
          ],
          "texture": "#1"
        },
        "up": {
          "uv": [
            4.5,
            0,
            0,
            0
          ],
          "texture": "#1"
        },
        "down": {
          "uv": [
            4.5,
            0,
            0,
            0
          ],
          "texture": "#1"
        }
      }
    },
    {
      "from": [
        6.5,
        1.36396,
        7
      ],
      "to": [
        9.5,
        9.36396,
        8
      ],
      "rotation": {
        "angle": 0,
        "axis": "z",
        "origin": [
          8,
          8.86396,
          7.5
        ]
      },
      "faces": {
        "north": {
          "uv": [
            4.5,
            5,
            6,
            9
          ],
          "texture": "#1"
        },
        "east": {
          "uv": [
            7,
            11,
            7.5,
            15
          ],
          "texture": "#1"
        },
        "south": {
          "uv": [
            6,
            5,
            7.5,
            9
          ],
          "texture": "#1"
        },
        "west": {
          "uv": [
            4.5,
            12,
            5,
            16
          ],
          "texture": "#1"
        },
        "up": {
          "uv": [
            13.5,
            2.5,
            12,
            2
          ],
          "texture": "#1"
        },
        "down": {
          "uv": [
            15.5,
            11.5,
            14,
            12
          ],
          "texture": "#1"
        }
      }
    },
    {
      "from": [
        5.68382,
        9.30146,
        7.025
      ],
      "to": [
        7.80882,
        11.42646,
        7.975
      ],
      "rotation": {
        "angle": 45,
        "axis": "z",
        "origin": [
          8.62132,
          11.36396,
          7.5
        ]
      },
      "faces": {
        "north": {
          "uv": [
            14.5,
            4,
            15.5,
            5
          ],
          "texture": "#1"
        },
        "east": {
          "uv": [
            12.5,
            14.5,
            13,
            15.5
          ],
          "texture": "#1"
        },
        "south": {
          "uv": [
            5,
            14.5,
            6,
            15.5
          ],
          "texture": "#1"
        },
        "west": {
          "uv": [
            13,
            14.5,
            13.5,
            15.5
          ],
          "texture": "#1"
        },
        "up": {
          "uv": [
            15.5,
            13,
            14.5,
            12.5
          ],
          "texture": "#1"
        },
        "down": {
          "uv": [
            1,
            15,
            0,
            15.5
          ],
          "texture": "#1"
        }
      }
    },
    {
      "from": [
        3.06148,
        -1.84881,
        6.525
      ],
      "to": [
        4.06148,
        0.15119,
        8.475
      ],
      "rotation": {
        "angle": 45,
        "axis": "z",
        "origin": [
          1.56148,
          0.15119,
          7.5
        ]
      },
      "faces": {
        "north": {
          "uv": [
            14.5,
            7,
            15,
            8
          ],
          "texture": "#1"
        },
        "east": {
          "uv": [
            14.5,
            0,
            15.5,
            1
          ],
          "texture": "#1"
        },
        "south": {
          "uv": [
            9,
            14.5,
            9.5,
            15.5
          ],
          "texture": "#1"
        },
        "west": {
          "uv": [
            14.5,
            1,
            15.5,
            2
          ],
          "texture": "#1"
        },
        "up": {
          "uv": [
            10,
            15.5,
            9.5,
            14.5
          ],
          "texture": "#1"
        },
        "down": {
          "uv": [
            10.5,
            14.5,
            10,
            15.5
          ],
          "texture": "#1"
        }
      }
    },
    {
      "from": [
        4.49686,
        -1.5021,
        6
      ],
      "to": [
        7.49686,
        0.4979,
        9
      ],
      "rotation": {
        "angle": -22.5,
        "axis": "z",
        "origin": [
          5.99686,
          -0.5021,
          7.5
        ]
      },
      "faces": {
        "north": {
          "uv": [
            7.5,
            12,
            9,
            13
          ],
          "texture": "#1"
        },
        "east": {
          "uv": [
            9,
            12,
            10.5,
            13
          ],
          "texture": "#1"
        },
        "south": {
          "uv": [
            10.5,
            12.5,
            12,
            13.5
          ],
          "texture": "#1"
        },
        "west": {
          "uv": [
            12,
            12.5,
            13.5,
            13.5
          ],
          "texture": "#1"
        },
        "up": {
          "uv": [
            13,
            8,
            11.5,
            6.5
          ],
          "texture": "#1"
        },
        "down": {
          "uv": [
            13,
            8,
            11.5,
            9.5
          ],
          "texture": "#1"
        }
      }
    },
    {
      "from": [
        2.99373,
        -1.00419,
        6.025
      ],
      "to": [
        4.99373,
        0.99581,
        8.975
      ],
      "rotation": {
        "angle": 0,
        "axis": "z",
        "origin": [
          3.49373,
          -0.00419,
          7.5
        ]
      },
      "faces": {
        "north": {
          "uv": [
            11,
            13.5,
            12,
            14.5
          ],
          "texture": "#1"
        },
        "east": {
          "uv": [
            12,
            0,
            13.5,
            1
          ],
          "texture": "#1"
        },
        "south": {
          "uv": [
            12,
            13.5,
            13,
            14.5
          ],
          "texture": "#1"
        },
        "west": {
          "uv": [
            12,
            1,
            13.5,
            2
          ],
          "texture": "#1"
        },
        "up": {
          "uv": [
            6,
            13.5,
            5,
            12
          ],
          "texture": "#1"
        },
        "down": {
          "uv": [
            7,
            12,
            6,
            13.5
          ],
          "texture": "#1"
        }
      }
    },
    {
      "from": [
        12.43852,
        1.65119,
        6.525
      ],
      "to": [
        14.43852,
        2.65119,
        8.475
      ],
      "rotation": {
        "angle": 45,
        "axis": "z",
        "origin": [
          14.43852,
          0.15119,
          7.5
        ]
      },
      "faces": {
        "north": {
          "uv": [
            14.5,
            8,
            15.5,
            8.5
          ],
          "texture": "#1"
        },
        "east": {
          "uv": [
            10.5,
            14.5,
            11.5,
            15
          ],
          "texture": "#1"
        },
        "south": {
          "uv": [
            11.5,
            14.5,
            12.5,
            15
          ],
          "texture": "#1"
        },
        "west": {
          "uv": [
            14.5,
            12,
            15.5,
            12.5
          ],
          "texture": "#1"
        },
        "up": {
          "uv": [
            15.5,
            3,
            14.5,
            2
          ],
          "texture": "#1"
        },
        "down": {
          "uv": [
            15.5,
            3,
            14.5,
            4
          ],
          "texture": "#1"
        }
      }
    },
    {
      "from": [
        11.00627,
        -1.00419,
        6.025
      ],
      "to": [
        13.00627,
        0.99581,
        8.975
      ],
      "rotation": {
        "angle": 0,
        "axis": "z",
        "origin": [
          12.50627,
          -0.00419,
          7.5
        ]
      },
      "faces": {
        "north": {
          "uv": [
            14,
            9.5,
            15,
            10.5
          ],
          "texture": "#1"
        },
        "east": {
          "uv": [
            7.5,
            13,
            9,
            14
          ],
          "texture": "#1"
        },
        "south": {
          "uv": [
            14,
            10.5,
            15,
            11.5
          ],
          "texture": "#1"
        },
        "west": {
          "uv": [
            13,
            7.5,
            14.5,
            8.5
          ],
          "texture": "#1"
        },
        "up": {
          "uv": [
            14,
            10,
            13,
            8.5
          ],
          "texture": "#1"
        },
        "down": {
          "uv": [
            10,
            13,
            9,
            14.5
          ],
          "texture": "#1"
        }
      }
    },
    {
      "from": [
        8.50314,
        -1.5021,
        6
      ],
      "to": [
        11.50314,
        0.4979,
        9
      ],
      "rotation": {
        "angle": 22.5,
        "axis": "z",
        "origin": [
          10.00314,
          -0.5021,
          7.5
        ]
      },
      "faces": {
        "north": {
          "uv": [
            13,
            3.5,
            14.5,
            4.5
          ],
          "texture": "#1"
        },
        "east": {
          "uv": [
            13,
            4.5,
            14.5,
            5.5
          ],
          "texture": "#1"
        },
        "south": {
          "uv": [
            13,
            5.5,
            14.5,
            6.5
          ],
          "texture": "#1"
        },
        "west": {
          "uv": [
            13,
            6.5,
            14.5,
            7.5
          ],
          "texture": "#1"
        },
        "up": {
          "uv": [
            13,
            11,
            11.5,
            9.5
          ],
          "texture": "#1"
        },
        "down": {
          "uv": [
            13,
            11,
            11.5,
            12.5
          ],
          "texture": "#1"
        }
      }
    }
  ],
  "gui_light": "front",
  "display": {
    "thirdperson_righthand": {
      "rotation": [
        0,
        -90,
        0
      ],
      "translation": [
        -0.5,
        8.75,
        1.5
      ],
      "scale": [
        0.8,
        0.8,
        0.8
      ]
    },
    "thirdperson_lefthand": {
      "rotation": [
        0,
        90,
        0
      ],
      "translation": [
        0.5,
        8.75,
        1.5
      ],
      "scale": [
        0.8,
        0.8,
        0.8
      ]
    },
    "firstperson_righthand": {
      "rotation": [
        0,
        -90,
        10
      ],
      "translation": [
        0,
        6,
        1
      ],
      "scale": [
        0.5,
        0.5,
        0.5
      ]
    },
    "firstperson_lefthand": {
      "rotation": [
        0,
        90,
        -10
      ],
      "translation": [
        0,
        6,
        1
      ],
      "scale": [
        0.5,
        0.5,
        0.5
      ]
    },
    "ground": {
      "rotation": [
        45,
        0,
        45
      ],
      "scale": [
        0.3,
        0.3,
        0.3
      ]
    },
    "gui": {
      "rotation": [
        15,
        -180,
        45
      ],
      "translation": [
        1.25,
        1.25,
        0
      ],
      "scale": [
        0.5,
        0.5,
        0.5
      ]
    },
    "head": {
      "rotation": [
        -180,
        0,
        -61
      ],
      "translation": [
        0,
        10,
        0
      ],
      "scale": [
        0.8,
        0.8,
        0.8
      ]
    },
    "fixed": {
      "rotation": [
        0,
        0,
        45
      ],
      "translation": [
        -1.5,
        1.5,
        0
      ],
      "scale": [
        0.6,
        0.6,
        0.6
      ]
    }
  }
}