{
  "credit": "Made with Blockbench by yungwilder",
  "textures": {
    "2": "stealfun:valentines/cupids_bow",
    "particle": "stealfun:valentines/cupids_bow"
  },
  "elements": [
    {
      "from": [
        7.25,
        3.5,
        -0.25
      ],
      "to": [
        8.75,
        6.5,
        1.25
      ],
      "rotation": {
        "angle": 0,
        "axis": "y",
        "origin": [
          0,
          5,
          0
        ]
      },
      "faces": {
        "north": {
          "uv": [
            2,
            4,
            3,
            5.5
          ],
          "texture": "#2"
        },
        "east": {
          "uv": [
            4,
            2,
            5,
            3.5
          ],
          "texture": "#2"
        },
        "south": {
          "uv": [
            3,
            4,
            4,
            5.5
          ],
          "texture": "#2"
        },
        "west": {
          "uv": [
            4,
            3.5,
            5,
            5
          ],
          "texture": "#2"
        },
        "up": {
          "uv": [
            6,
            1,
            5,
            0
          ],
          "texture": "#2"
        },
        "down": {
          "uv": [
            6,
            1,
            5,
            2
          ],
          "texture": "#2"
        }
      }
    },
    {
      "from": [
        7.5,
        6.5,
        0
      ],
      "to": [
        8.5,
        7.5,
        1
      ],
      "rotation": {
        "angle": 0,
        "axis": "y",
        "origin": [
          0,
          5,
          0
        ]
      },
      "faces": {
        "north": {
          "uv": [
            7,
            1.5,
            7.5,
            2
          ],
          "texture": "#2"
        },
        "east": {
          "uv": [
            9.5,
            1,
            10,
            1.5
          ],
          "texture": "#2"
        },
        "south": {
          "uv": [
            9.5,
            1.5,
            10,
            2
          ],
          "texture": "#2"
        },
        "west": {
          "uv": [
            9.5,
            2,
            10,
            2.5
          ],
          "texture": "#2"
        },
        "up": {
          "uv": [
            10,
            3,
            9.5,
            2.5
          ],
          "texture": "#2"
        },
        "down": {
          "uv": [
            3.5,
            9.5,
            3,
            10
          ],
          "texture": "#2"
        }
      }
    },
    {
      "from": [
        8,
        3.77795,
        5.87702
      ],
      "to": [
        8,
        18.77795,
        6.87702
      ],
      "rotation": {
        "angle": -22.5,
        "axis": "x",
        "origin": [
          8,
          12.02795,
          3.62702
        ]
      },
      "faces": {
        "north": {
          "uv": [
            0,
            0,
            0,
            7.5
          ],
          "texture": "#2"
        },
        "east": {
          "uv": [
            0,
            0,
            0.5,
            7.5
          ],
          "texture": "#2"
        },
        "south": {
          "uv": [
            0,
            0,
            0,
            7.5
          ],
          "texture": "#2"
        },
        "west": {
          "uv": [
            0.5,
            0,
            1,
            7.5
          ],
          "texture": "#2"
        },
        "up": {
          "uv": [
            0,
            0.5,
            0,
            0
          ],
          "texture": "#2"
        },
        "down": {
          "uv": [
            0,
            0,
            0,
            0.5
          ],
          "texture": "#2"
        }
      }
    },
    {
      "from": [
        8,
        -8.77795,
        5.87702
      ],
      "to": [
        8,
        6.22205,
        6.87702
      ],
      "rotation": {
        "angle": 22.5,
        "axis": "x",
        "origin": [
          8,
          -2.02795,
          3.62702
        ]
      },
      "faces": {
        "north": {
          "uv": [
            0,
            7.5,
            0,
            0
          ],
          "texture": "#2"
        },
        "east": {
          "uv": [
            0,
            7.5,
            0.5,
            0
          ],
          "texture": "#2"
        },
        "south": {
          "uv": [
            0,
            7.5,
            0,
            0
          ],
          "texture": "#2"
        },
        "west": {
          "uv": [
            0.5,
            7.5,
            1,
            0
          ],
          "texture": "#2"
        },
        "up": {
          "uv": [
            0,
            0.5,
            0,
            0
          ],
          "texture": "#2"
        },
        "down": {
          "uv": [
            0,
            0,
            0,
            0.5
          ],
          "texture": "#2"
        }
      }
    },
    {
      "from": [
        7.5,
        2.5,
        0
      ],
      "to": [
        8.5,
        3.5,
        1
      ],
      "rotation": {
        "angle": 0,
        "axis": "y",
        "origin": [
          0,
          5,
          0
        ]
      },
      "faces": {
        "north": {
          "uv": [
            9.5,
            3,
            10,
            3.5
          ],
          "texture": "#2"
        },
        "east": {
          "uv": [
            3.5,
            9.5,
            4,
            10
          ],
          "texture": "#2"
        },
        "south": {
          "uv": [
            4,
            9.5,
            4.5,
            10
          ],
          "texture": "#2"
        },
        "west": {
          "uv": [
            4.5,
            9.5,
            5,
            10
          ],
          "texture": "#2"
        },
        "up": {
          "uv": [
            5.5,
            10,
            5,
            9.5
          ],
          "texture": "#2"
        },
        "down": {
          "uv": [
            6,
            9.5,
            5.5,
            10
          ],
          "texture": "#2"
        }
      }
    },
    {
      "from": [
        7.525,
        6.26777,
        -1.97487
      ],
      "to": [
        8.475,
        9.26777,
        -0.97487
      ],
      "rotation": {
        "angle": -45,
        "axis": "x",
        "origin": [
          8,
          9.26777,
          -1.47487
        ]
      },
      "faces": {
        "north": {
          "uv": [
            6.5,
            5,
            7,
            6.5
          ],
          "texture": "#2"
        },
        "east": {
          "uv": [
            6.5,
            6.5,
            7,
            8
          ],
          "texture": "#2"
        },
        "south": {
          "uv": [
            7,
            0,
            7.5,
            1.5
          ],
          "texture": "#2"
        },
        "west": {
          "uv": [
            1,
            7,
            1.5,
            8.5
          ],
          "texture": "#2"
        },
        "up": {
          "uv": [
            6.5,
            10,
            6,
            9.5
          ],
          "texture": "#2"
        },
        "down": {
          "uv": [
            7,
            9.5,
            6.5,
            10
          ],
          "texture": "#2"
        }
      }
    },
    {
      "from": [
        7.25,
        7.80213,
        -1.75127
      ],
      "to": [
        8.75,
        9.30213,
        2.24873
      ],
      "rotation": {
        "angle": 22.5,
        "axis": "x",
        "origin": [
          8,
          8.80213,
          -0.25127
        ]
      },
      "faces": {
        "north": {
          "uv": [
            5,
            2,
            6,
            3
          ],
          "texture": "#2"
        },
        "east": {
          "uv": [
            1,
            0,
            3,
            1
          ],
          "texture": "#2"
        },
        "south": {
          "uv": [
            5,
            3,
            6,
            4
          ],
          "texture": "#2"
        },
        "west": {
          "uv": [
            1,
            1,
            3,
            2
          ],
          "texture": "#2"
        },
        "up": {
          "uv": [
            2,
            4,
            1,
            2
          ],
          "texture": "#2"
        },
        "down": {
          "uv": [
            3,
            2,
            2,
            4
          ],
          "texture": "#2"
        }
      }
    },
    {
      "from": [
        7.275,
        8.26777,
        -3.97487
      ],
      "to": [
        8.725,
        9.26777,
        -1.97487
      ],
      "rotation": {
        "angle": -45,
        "axis": "x",
        "origin": [
          8,
          9.26777,
          -1.47487
        ]
      },
      "faces": {
        "north": {
          "uv": [
            8.5,
            0,
            9.5,
            0.5
          ],
          "texture": "#2"
        },
        "east": {
          "uv": [
            8.5,
            0.5,
            9.5,
            1
          ],
          "texture": "#2"
        },
        "south": {
          "uv": [
            1,
            8.5,
            2,
            9
          ],
          "texture": "#2"
        },
        "west": {
          "uv": [
            8.5,
            1,
            9.5,
            1.5
          ],
          "texture": "#2"
        },
        "up": {
          "uv": [
            5,
            6,
            4,
            5
          ],
          "texture": "#2"
        },
        "down": {
          "uv": [
            6,
            4,
            5,
            5
          ],
          "texture": "#2"
        }
      }
    },
    {
      "from": [
        7.275,
        7.26777,
        -3.97487
      ],
      "to": [
        8.725,
        8.26777,
        -2.97487
      ],
      "rotation": {
        "angle": -45,
        "axis": "x",
        "origin": [
          8,
          9.26777,
          -1.47487
        ]
      },
      "faces": {
        "north": {
          "uv": [
            9,
            5,
            10,
            5.5
          ],
          "texture": "#2"
        },
        "east": {
          "uv": [
            8.5,
            10,
            9,
            10.5
          ],
          "texture": "#2"
        },
        "south": {
          "uv": [
            9,
            5.5,
            10,
            6
          ],
          "texture": "#2"
        },
        "west": {
          "uv": [
            10,
            8.5,
            10.5,
            9
          ],
          "texture": "#2"
        },
        "up": {
          "uv": [
            10,
            6.5,
            9,
            6
          ],
          "texture": "#2"
        },
        "down": {
          "uv": [
            10,
            6.5,
            9,
            7
          ],
          "texture": "#2"
        }
      }
    },
    {
      "from": [
        7.275,
        0.73223,
        -3.97487
      ],
      "to": [
        8.725,
        1.73223,
        -1.97487
      ],
      "rotation": {
        "angle": 45,
        "axis": "x",
        "origin": [
          8,
          0.73223,
          -1.47487
        ]
      },
      "faces": {
        "north": {
          "uv": [
            9,
            8.5,
            10,
            9
          ],
          "texture": "#2"
        },
        "east": {
          "uv": [
            9,
            9,
            10,
            9.5
          ],
          "texture": "#2"
        },
        "south": {
          "uv": [
            9.5,
            0,
            10.5,
            0.5
          ],
          "texture": "#2"
        },
        "west": {
          "uv": [
            9.5,
            0.5,
            10.5,
            1
          ],
          "texture": "#2"
        },
        "up": {
          "uv": [
            7.5,
            3,
            6.5,
            2
          ],
          "texture": "#2"
        },
        "down": {
          "uv": [
            7.5,
            3,
            6.5,
            4
          ],
          "texture": "#2"
        }
      }
    },
    {
      "from": [
        7.275,
        1.73223,
        -3.97487
      ],
      "to": [
        8.725,
        2.73223,
        -2.97487
      ],
      "rotation": {
        "angle": 45,
        "axis": "x",
        "origin": [
          8,
          0.73223,
          -1.47487
        ]
      },
      "faces": {
        "north": {
          "uv": [
            9,
            7,
            10,
            7.5
          ],
          "texture": "#2"
        },
        "east": {
          "uv": [
            9,
            10,
            9.5,
            10.5
          ],
          "texture": "#2"
        },
        "south": {
          "uv": [
            7.5,
            9,
            8.5,
            9.5
          ],
          "texture": "#2"
        },
        "west": {
          "uv": [
            10,
            9,
            10.5,
            9.5
          ],
          "texture": "#2"
        },
        "up": {
          "uv": [
            10,
            8,
            9,
            7.5
          ],
          "texture": "#2"
        },
        "down": {
          "uv": [
            10,
            8,
            9,
            8.5
          ],
          "texture": "#2"
        }
      }
    },
    {
      "from": [
        7.275,
        9.0675,
        -2.05783
      ],
      "to": [
        8.725,
        10.0675,
        -1.05783
      ],
      "rotation": {
        "angle": -22.5,
        "axis": "x",
        "origin": [
          8,
          9.5675,
          -1.55783
        ]
      },
      "faces": {
        "north": {
          "uv": [
            8.5,
            1.5,
            9.5,
            2
          ],
          "texture": "#2"
        },
        "east": {
          "uv": [
            7,
            9.5,
            7.5,
            10
          ],
          "texture": "#2"
        },
        "south": {
          "uv": [
            8.5,
            2,
            9.5,
            2.5
          ],
          "texture": "#2"
        },
        "west": {
          "uv": [
            7.5,
            9.5,
            8,
            10
          ],
          "texture": "#2"
        },
        "up": {
          "uv": [
            9.5,
            3,
            8.5,
            2.5
          ],
          "texture": "#2"
        },
        "down": {
          "uv": [
            9.5,
            3,
            8.5,
            3.5
          ],
          "texture": "#2"
        }
      }
    },
    {
      "from": [
        7.375,
        9.83809,
        -2.21111
      ],
      "to": [
        8.625,
        12.83809,
        -1.21111
      ],
      "rotation": {
        "angle": 0,
        "axis": "x",
        "origin": [
          8,
          10.33809,
          -1.71111
        ]
      },
      "faces": {
        "north": {
          "uv": [
            1.5,
            7,
            2,
            8.5
          ],
          "texture": "#2"
        },
        "east": {
          "uv": [
            7,
            4,
            7.5,
            5.5
          ],
          "texture": "#2"
        },
        "south": {
          "uv": [
            5,
            7,
            5.5,
            8.5
          ],
          "texture": "#2"
        },
        "west": {
          "uv": [
            5.5,
            7,
            6,
            8.5
          ],
          "texture": "#2"
        },
        "up": {
          "uv": [
            8.5,
            10,
            8,
            9.5
          ],
          "texture": "#2"
        },
        "down": {
          "uv": [
            9,
            9.5,
            8.5,
            10
          ],
          "texture": "#2"
        }
      }
    },
    {
      "from": [
        7.4,
        12.0452,
        -1.2969
      ],
      "to": [
        8.6,
        15.0452,
        -0.2969
      ],
      "rotation": {
        "angle": 45,
        "axis": "x",
        "origin": [
          8,
          13.5452,
          -0.7969
        ]
      },
      "faces": {
        "north": {
          "uv": [
            7,
            5.5,
            7.5,
            7
          ],
          "texture": "#2"
        },
        "east": {
          "uv": [
            6,
            7,
            6.5,
            8.5
          ],
          "texture": "#2"
        },
        "south": {
          "uv": [
            7,
            7,
            7.5,
            8.5
          ],
          "texture": "#2"
        },
        "west": {
          "uv": [
            0,
            7.5,
            0.5,
            9
          ],
          "texture": "#2"
        },
        "up": {
          "uv": [
            9.5,
            10,
            9,
            9.5
          ],
          "texture": "#2"
        },
        "down": {
          "uv": [
            10,
            9.5,
            9.5,
            10
          ],
          "texture": "#2"
        }
      }
    },
    {
      "from": [
        7.4,
        -5.0452,
        -1.2969
      ],
      "to": [
        8.6,
        -2.0452,
        -0.2969
      ],
      "rotation": {
        "angle": -45,
        "axis": "x",
        "origin": [
          8,
          -3.5452,
          -0.7969
        ]
      },
      "faces": {
        "north": {
          "uv": [
            8,
            4.5,
            8.5,
            6
          ],
          "texture": "#2"
        },
        "east": {
          "uv": [
            8,
            6,
            8.5,
            7.5
          ],
          "texture": "#2"
        },
        "south": {
          "uv": [
            6.5,
            8,
            7,
            9.5
          ],
          "texture": "#2"
        },
        "west": {
          "uv": [
            8,
            7.5,
            8.5,
            9
          ],
          "texture": "#2"
        },
        "up": {
          "uv": [
            8.5,
            10.5,
            8,
            10
          ],
          "texture": "#2"
        },
        "down": {
          "uv": [
            10.5,
            8,
            10,
            8.5
          ],
          "texture": "#2"
        }
      }
    },
    {
      "from": [
        7.375,
        -2.83809,
        -2.21111
      ],
      "to": [
        8.625,
        0.16191,
        -1.21111
      ],
      "rotation": {
        "angle": 0,
        "axis": "x",
        "origin": [
          8,
          -0.33809,
          -1.71111
        ]
      },
      "faces": {
        "north": {
          "uv": [
            8,
            1.5,
            8.5,
            3
          ],
          "texture": "#2"
        },
        "east": {
          "uv": [
            8,
            3,
            8.5,
            4.5
          ],
          "texture": "#2"
        },
        "south": {
          "uv": [
            4,
            8,
            4.5,
            9.5
          ],
          "texture": "#2"
        },
        "west": {
          "uv": [
            4.5,
            8,
            5,
            9.5
          ],
          "texture": "#2"
        },
        "up": {
          "uv": [
            8,
            10.5,
            7.5,
            10
          ],
          "texture": "#2"
        },
        "down": {
          "uv": [
            10.5,
            7.5,
            10,
            8
          ],
          "texture": "#2"
        }
      }
    },
    {
      "from": [
        7.5,
        14.32947,
        0.2294
      ],
      "to": [
        8.5,
        17.32947,
        1.2294
      ],
      "rotation": {
        "angle": 22.5,
        "axis": "x",
        "origin": [
          8,
          15.82947,
          0.7294
        ]
      },
      "faces": {
        "north": {
          "uv": [
            7.5,
            0,
            8,
            1.5
          ],
          "texture": "#2"
        },
        "east": {
          "uv": [
            0.5,
            7.5,
            1,
            9
          ],
          "texture": "#2"
        },
        "south": {
          "uv": [
            7.5,
            1.5,
            8,
            3
          ],
          "texture": "#2"
        },
        "west": {
          "uv": [
            2,
            7.5,
            2.5,
            9
          ],
          "texture": "#2"
        },
        "up": {
          "uv": [
            0.5,
            10.5,
            0,
            10
          ],
          "texture": "#2"
        },
        "down": {
          "uv": [
            1,
            10,
            0.5,
            10.5
          ],
          "texture": "#2"
        }
      }
    },
    {
      "from": [
        7.5,
        15.32947,
        -0.7706
      ],
      "to": [
        8.5,
        16.32947,
        0.2294
      ],
      "rotation": {
        "angle": 22.5,
        "axis": "x",
        "origin": [
          8,
          15.82947,
          0.7294
        ]
      },
      "faces": {
        "north": {
          "uv": [
            1,
            10,
            1.5,
            10.5
          ],
          "texture": "#2"
        },
        "east": {
          "uv": [
            10,
            1,
            10.5,
            1.5
          ],
          "texture": "#2"
        },
        "south": {
          "uv": [
            1.5,
            10,
            2,
            10.5
          ],
          "texture": "#2"
        },
        "west": {
          "uv": [
            10,
            1.5,
            10.5,
            2
          ],
          "texture": "#2"
        },
        "up": {
          "uv": [
            2.5,
            10.5,
            2,
            10
          ],
          "texture": "#2"
        },
        "down": {
          "uv": [
            10.5,
            2,
            10,
            2.5
          ],
          "texture": "#2"
        }
      }
    },
    {
      "from": [
        7.625,
        17.02395,
        0.76537
      ],
      "to": [
        8.375,
        21.02395,
        1.76537
      ],
      "rotation": {
        "angle": 0,
        "axis": "x",
        "origin": [
          8,
          19.02395,
          1.26537
        ]
      },
      "faces": {
        "north": {
          "uv": [
            5,
            5,
            5.5,
            7
          ],
          "texture": "#2"
        },
        "east": {
          "uv": [
            2,
            5.5,
            2.5,
            7.5
          ],
          "texture": "#2"
        },
        "south": {
          "uv": [
            2.5,
            5.5,
            3,
            7.5
          ],
          "texture": "#2"
        },
        "west": {
          "uv": [
            3,
            5.5,
            3.5,
            7.5
          ],
          "texture": "#2"
        },
        "up": {
          "uv": [
            3,
            10.5,
            2.5,
            10
          ],
          "texture": "#2"
        },
        "down": {
          "uv": [
            10.5,
            2.5,
            10,
            3
          ],
          "texture": "#2"
        }
      }
    },
    {
      "from": [
        7.525,
        16.61374,
        1.7557
      ],
      "to": [
        8.475,
        18.61374,
        2.7557
      ],
      "rotation": {
        "angle": 45,
        "axis": "x",
        "origin": [
          8,
          18.11374,
          2.2557
        ]
      },
      "faces": {
        "north": {
          "uv": [
            8.5,
            3.5,
            9,
            4.5
          ],
          "texture": "#2"
        },
        "east": {
          "uv": [
            8.5,
            4.5,
            9,
            5.5
          ],
          "texture": "#2"
        },
        "south": {
          "uv": [
            5,
            8.5,
            5.5,
            9.5
          ],
          "texture": "#2"
        },
        "west": {
          "uv": [
            5.5,
            8.5,
            6,
            9.5
          ],
          "texture": "#2"
        },
        "up": {
          "uv": [
            3.5,
            10.5,
            3,
            10
          ],
          "texture": "#2"
        },
        "down": {
          "uv": [
            10.5,
            3,
            10,
            3.5
          ],
          "texture": "#2"
        }
      }
    },
    {
      "from": [
        7.375,
        18.61374,
        0.7557
      ],
      "to": [
        8.625,
        20.61374,
        2.7557
      ],
      "rotation": {
        "angle": 45,
        "axis": "x",
        "origin": [
          8,
          18.11374,
          2.2557
        ]
      },
      "faces": {
        "north": {
          "uv": [
            8.5,
            5.5,
            9,
            6.5
          ],
          "texture": "#2"
        },
        "east": {
          "uv": [
            5.5,
            5,
            6.5,
            6
          ],
          "texture": "#2"
        },
        "south": {
          "uv": [
            6,
            8.5,
            6.5,
            9.5
          ],
          "texture": "#2"
        },
        "west": {
          "uv": [
            6,
            0,
            7,
            1
          ],
          "texture": "#2"
        },
        "up": {
          "uv": [
            9,
            7.5,
            8.5,
            6.5
          ],
          "texture": "#2"
        },
        "down": {
          "uv": [
            7.5,
            8.5,
            7,
            9.5
          ],
          "texture": "#2"
        }
      }
    },
    {
      "from": [
        7.375,
        -10.61374,
        0.7557
      ],
      "to": [
        8.625,
        -8.61374,
        2.7557
      ],
      "rotation": {
        "angle": -45,
        "axis": "x",
        "origin": [
          8,
          -8.11374,
          2.2557
        ]
      },
      "faces": {
        "north": {
          "uv": [
            8.5,
            7.5,
            9,
            8.5
          ],
          "texture": "#2"
        },
        "east": {
          "uv": [
            1,
            6,
            2,
            7
          ],
          "texture": "#2"
        },
        "south": {
          "uv": [
            8.5,
            8.5,
            9,
            9.5
          ],
          "texture": "#2"
        },
        "west": {
          "uv": [
            6,
            1,
            7,
            2
          ],
          "texture": "#2"
        },
        "up": {
          "uv": [
            0.5,
            10,
            0,
            9
          ],
          "texture": "#2"
        },
        "down": {
          "uv": [
            1,
            9,
            0.5,
            10
          ],
          "texture": "#2"
        }
      }
    },
    {
      "from": [
        7.525,
        -8.61374,
        1.7557
      ],
      "to": [
        8.475,
        -6.61374,
        2.7557
      ],
      "rotation": {
        "angle": -45,
        "axis": "x",
        "origin": [
          8,
          -8.11374,
          2.2557
        ]
      },
      "faces": {
        "north": {
          "uv": [
            1,
            9,
            1.5,
            10
          ],
          "texture": "#2"
        },
        "east": {
          "uv": [
            1.5,
            9,
            2,
            10
          ],
          "texture": "#2"
        },
        "south": {
          "uv": [
            2,
            9,
            2.5,
            10
          ],
          "texture": "#2"
        },
        "west": {
          "uv": [
            2.5,
            9,
            3,
            10
          ],
          "texture": "#2"
        },
        "up": {
          "uv": [
            4,
            10.5,
            3.5,
            10
          ],
          "texture": "#2"
        },
        "down": {
          "uv": [
            10.5,
            3.5,
            10,
            4
          ],
          "texture": "#2"
        }
      }
    },
    {
      "from": [
        7.625,
        -11.02395,
        0.76537
      ],
      "to": [
        8.375,
        -7.02395,
        1.76537
      ],
      "rotation": {
        "angle": 0,
        "axis": "x",
        "origin": [
          8,
          -8.52395,
          1.26537
        ]
      },
      "faces": {
        "north": {
          "uv": [
            3.5,
            5.5,
            4,
            7.5
          ],
          "texture": "#2"
        },
        "east": {
          "uv": [
            6,
            2,
            6.5,
            4
          ],
          "texture": "#2"
        },
        "south": {
          "uv": [
            4,
            6,
            4.5,
            8
          ],
          "texture": "#2"
        },
        "west": {
          "uv": [
            4.5,
            6,
            5,
            8
          ],
          "texture": "#2"
        },
        "up": {
          "uv": [
            4.5,
            10.5,
            4,
            10
          ],
          "texture": "#2"
        },
        "down": {
          "uv": [
            10.5,
            4,
            10,
            4.5
          ],
          "texture": "#2"
        }
      }
    },
    {
      "from": [
        7.5,
        -7.32947,
        0.2294
      ],
      "to": [
        8.5,
        -4.32947,
        1.2294
      ],
      "rotation": {
        "angle": -22.5,
        "axis": "x",
        "origin": [
          8,
          -5.82947,
          0.7294
        ]
      },
      "faces": {
        "north": {
          "uv": [
            2.5,
            7.5,
            3,
            9
          ],
          "texture": "#2"
        },
        "east": {
          "uv": [
            3,
            7.5,
            3.5,
            9
          ],
          "texture": "#2"
        },
        "south": {
          "uv": [
            7.5,
            3,
            8,
            4.5
          ],
          "texture": "#2"
        },
        "west": {
          "uv": [
            3.5,
            7.5,
            4,
            9
          ],
          "texture": "#2"
        },
        "up": {
          "uv": [
            5,
            10.5,
            4.5,
            10
          ],
          "texture": "#2"
        },
        "down": {
          "uv": [
            10.5,
            4.5,
            10,
            5
          ],
          "texture": "#2"
        }
      }
    },
    {
      "from": [
        7.5,
        -6.32947,
        -0.7706
      ],
      "to": [
        8.5,
        -5.32947,
        0.2294
      ],
      "rotation": {
        "angle": -22.5,
        "axis": "x",
        "origin": [
          8,
          -5.82947,
          0.7294
        ]
      },
      "faces": {
        "north": {
          "uv": [
            5,
            10,
            5.5,
            10.5
          ],
          "texture": "#2"
        },
        "east": {
          "uv": [
            10,
            5,
            10.5,
            5.5
          ],
          "texture": "#2"
        },
        "south": {
          "uv": [
            5.5,
            10,
            6,
            10.5
          ],
          "texture": "#2"
        },
        "west": {
          "uv": [
            10,
            5.5,
            10.5,
            6
          ],
          "texture": "#2"
        },
        "up": {
          "uv": [
            6.5,
            10.5,
            6,
            10
          ],
          "texture": "#2"
        },
        "down": {
          "uv": [
            10.5,
            6,
            10,
            6.5
          ],
          "texture": "#2"
        }
      }
    },
    {
      "from": [
        7.275,
        -0.0675,
        -2.05783
      ],
      "to": [
        8.725,
        0.9325,
        -1.05783
      ],
      "rotation": {
        "angle": 22.5,
        "axis": "x",
        "origin": [
          8,
          0.4325,
          -1.55783
        ]
      },
      "faces": {
        "north": {
          "uv": [
            3,
            9,
            4,
            9.5
          ],
          "texture": "#2"
        },
        "east": {
          "uv": [
            6.5,
            10,
            7,
            10.5
          ],
          "texture": "#2"
        },
        "south": {
          "uv": [
            9,
            3.5,
            10,
            4
          ],
          "texture": "#2"
        },
        "west": {
          "uv": [
            10,
            6.5,
            10.5,
            7
          ],
          "texture": "#2"
        },
        "up": {
          "uv": [
            10,
            4.5,
            9,
            4
          ],
          "texture": "#2"
        },
        "down": {
          "uv": [
            10,
            4.5,
            9,
            5
          ],
          "texture": "#2"
        }
      }
    },
    {
      "from": [
        7.25,
        0.69787,
        -1.75127
      ],
      "to": [
        8.75,
        2.19787,
        2.24873
      ],
      "rotation": {
        "angle": -22.5,
        "axis": "x",
        "origin": [
          8,
          1.19787,
          -0.25127
        ]
      },
      "faces": {
        "north": {
          "uv": [
            6,
            4,
            7,
            5
          ],
          "texture": "#2"
        },
        "east": {
          "uv": [
            3,
            0,
            5,
            1
          ],
          "texture": "#2"
        },
        "south": {
          "uv": [
            5.5,
            6,
            6.5,
            7
          ],
          "texture": "#2"
        },
        "west": {
          "uv": [
            3,
            1,
            5,
            2
          ],
          "texture": "#2"
        },
        "up": {
          "uv": [
            4,
            4,
            3,
            2
          ],
          "texture": "#2"
        },
        "down": {
          "uv": [
            2,
            4,
            1,
            6
          ],
          "texture": "#2"
        }
      }
    },
    {
      "from": [
        7.525,
        0.73223,
        -1.97487
      ],
      "to": [
        8.475,
        3.73223,
        -0.97487
      ],
      "rotation": {
        "angle": 45,
        "axis": "x",
        "origin": [
          8,
          0.73223,
          -1.47487
        ]
      },
      "faces": {
        "north": {
          "uv": [
            7.5,
            4.5,
            8,
            6
          ],
          "texture": "#2"
        },
        "east": {
          "uv": [
            7.5,
            6,
            8,
            7.5
          ],
          "texture": "#2"
        },
        "south": {
          "uv": [
            7.5,
            7.5,
            8,
            9
          ],
          "texture": "#2"
        },
        "west": {
          "uv": [
            8,
            0,
            8.5,
            1.5
          ],
          "texture": "#2"
        },
        "up": {
          "uv": [
            7.5,
            10.5,
            7,
            10
          ],
          "texture": "#2"
        },
        "down": {
          "uv": [
            10.5,
            7,
            10,
            7.5
          ],
          "texture": "#2"
        }
      }
    },
    {
      "from": [
        7.5,
        4.5,
        -8
      ],
      "to": [
        8.5,
        5.5,
        10
      ],
      "faces": {
        "north": {
          "uv": [
            10.5,
            0,
            11,
            0.5
          ],
          "rotation": 90,
          "texture": "#2"
        },
        "east": {
          "uv": [
            10.5,
            0,
            11,
            9
          ],
          "rotation": 270,
          "texture": "#2"
        },
        "south": {
          "uv": [
            10.5,
            0,
            11,
            0.5
          ],
          "rotation": 90,
          "texture": "#2"
        },
        "west": {
          "uv": [
            10.5,
            0,
            11,
            9
          ],
          "rotation": 90,
          "texture": "#2"
        },
        "up": {
          "uv": [
            10.5,
            0,
            11,
            9
          ],
          "rotation": 180,
          "texture": "#2"
        },
        "down": {
          "uv": [
            10.5,
            0,
            11,
            9
          ],
          "texture": "#2"
        }
      }
    },
    {
      "from": [
        8,
        0.5,
        -14
      ],
      "to": [
        8,
        9.5,
        -5
      ],
      "faces": {
        "north": {
          "uv": [
            0,
            0,
            0,
            9
          ],
          "texture": "#missing"
        },
        "east": {
          "uv": [
            4.5,
            11.5,
            0,
            16
          ],
          "texture": "#2"
        },
        "south": {
          "uv": [
            0,
            0,
            0,
            9
          ],
          "texture": "#missing"
        },
        "west": {
          "uv": [
            0,
            11.5,
            4.5,
            16
          ],
          "texture": "#2"
        },
        "up": {
          "uv": [
            0,
            0,
            0,
            9
          ],
          "texture": "#missing"
        },
        "down": {
          "uv": [
            0,
            0,
            0,
            9
          ],
          "texture": "#missing"
        }
      }
    },
    {
      "from": [
        8,
        1.5,
        7
      ],
      "to": [
        8,
        8.5,
        14
      ],
      "faces": {
        "north": {
          "uv": [
            0,
            0,
            0,
            9
          ],
          "texture": "#missing"
        },
        "east": {
          "uv": [
            16,
            12.5,
            12.5,
            16
          ],
          "texture": "#2"
        },
        "south": {
          "uv": [
            0,
            0,
            0,
            9
          ],
          "texture": "#missing"
        },
        "west": {
          "uv": [
            12.5,
            12.5,
            16,
            16
          ],
          "texture": "#2"
        },
        "up": {
          "uv": [
            0,
            0,
            0,
            9
          ],
          "texture": "#missing"
        },
        "down": {
          "uv": [
            0,
            0,
            0,
            9
          ],
          "texture": "#missing"
        }
      }
    },
    {
      "from": [
        4.5,
        5,
        7
      ],
      "to": [
        11.5,
        5,
        14
      ],
      "rotation": {
        "angle": 0,
        "axis": "z",
        "origin": [
          8,
          5,
          11.5
        ]
      },
      "faces": {
        "north": {
          "uv": [
            0,
            0,
            0,
            9
          ],
          "rotation": 270,
          "texture": "#missing"
        },
        "east": {
          "uv": [
            0,
            0,
            0,
            9
          ],
          "rotation": 90,
          "texture": "#missing"
        },
        "south": {
          "uv": [
            0,
            0,
            0,
            9
          ],
          "rotation": 90,
          "texture": "#missing"
        },
        "west": {
          "uv": [
            0,
            0,
            0,
            9
          ],
          "rotation": 90,
          "texture": "#missing"
        },
        "up": {
          "uv": [
            12.5,
            12.5,
            16,
            16
          ],
          "rotation": 90,
          "texture": "#2"
        },
        "down": {
          "uv": [
            16,
            12.5,
            12.5,
            16
          ],
          "rotation": 90,
          "texture": "#2"
        }
      }
    }
  ],
  "gui_light": "front",
  "display": {
    "thirdperson_righthand": {
      "translation": [
        0,
        0.5,
        6.25
      ],
      "scale": [
        0.8,
        0.8,
        0.8
      ]
    },
    "thirdperson_lefthand": {
      "translation": [
        0,
        1,
        8.5
      ]
    },
    "firstperson_righthand": {
      "rotation": [
        20,
        15,
        0
      ],
      "translation": [
        6,
        6.5,
        0
      ],
      "scale": [
        0.7,
        0.7,
        0.7
      ]
    },
    "firstperson_lefthand": {
      "rotation": [
        20,
        15,
        0
      ],
      "translation": [
        6,
        6.5,
        0
      ],
      "scale": [
        0.7,
        0.7,
        0.7
      ]
    },
    "ground": {
      "rotation": [
        55,
        0,
        0
      ],
      "scale": [
        0.3,
        0.3,
        0.3
      ]
    },
    "gui": {
      "rotation": [
        -90,
        135,
        90
      ],
      "translation": [
        3.5,
        -1,
        0
      ],
      "scale": [
        0.6,
        0.6,
        0.6
      ]
    },
    "head": {
      "rotation": [
        0,
        0,
        -90
      ],
      "translation": [
        3,
        7.5,
        7.5
      ]
    },
    "fixed": {
      "rotation": [
        -90,
        45,
        90
      ],
      "translation": [
        1.5,
        5,
        0
      ],
      "scale": [
        0.75,
        0.75,
        0.75
      ]
    }
  }
}