{
  "display": {
    "firstperson_righthand": {
      "rotation": [
        0,
        0,
        11
      ]
    },
    "firstperson_lefthand": {
      "rotation": [
        0,
        0,
        11
      ]
    },
    "ground": {
      "scale": [
        0.6,
        0.6,
        0.6
      ]
    },
    "gui": {
      "rotation": [
        34,
        -124,
        0
      ],
      "translation": [
        0,
        -1.5,
        0
      ],
      "scale": [
        0.8,
        0.8,
        0.8
      ]
    },
    "head": {
      "scale": [
        1.8,
        1.8,
        1.8
      ]
    },
    "fixed": {
      "scale": [
        0.6,
        0.6,
        0.6
      ]
    }
  },
  "texture_size": [
    64,
    64
  ],
  "textures": {
    "0": "hats/axolotl_hat",
    "particle": "hats/axolotl_hat"
  },
  "elements": [
    {
      "from": [
        3,
        10,
        3
      ],
      "to": [
        13,
        13,
        13
      ],
      "faces": {
        "north": {
          "uv": [
            2.5,
            2.5,
            5,
            3.25
          ],
          "texture": "#0"
        },
        "east": {
          "uv": [
            0,
            2.5,
            2.5,
            3.25
          ],
          "texture": "#0"
        },
        "south": {
          "uv": [
            7.5,
            2.5,
            10,
            3.25
          ],
          "texture": "#0"
        },
        "west": {
          "uv": [
            5,
            2.5,
            7.5,
            3.25
          ],
          "texture": "#0"
        },
        "up": {
          "uv": [
            5,
            2.5,
            2.5,
            0
          ],
          "texture": "#0"
        },
        "down": {
          "uv": [
            7.5,
            0,
            5,
            2.5
          ],
          "texture": "#0"
        }
      }
    },
    {
      "from": [
        8,
        10,
        6
      ],
      "to": [
        8,
        14,
        17
      ],
      "faces": {
        "north": {
          "uv": [
            2.75,
            3.25,
            2.75,
            4.25
          ],
          "texture": "#0"
        },
        "east": {
          "uv": [
            0,
            3.25,
            2.75,
            4.25
          ],
          "texture": "#0"
        },
        "south": {
          "uv": [
            5.5,
            3.25,
            5.5,
            4.25
          ],
          "texture": "#0"
        },
        "west": {
          "uv": [
            2.75,
            3.25,
            5.5,
            4.25
          ],
          "texture": "#0"
        },
        "up": {
          "uv": [
            2.75,
            3.25,
            2.75,
            0.5
          ],
          "texture": "#0"
        },
        "down": {
          "uv": [
            2.75,
            0.5,
            2.75,
            3.25
          ],
          "texture": "#0"
        }
      }
    },
    {
      "from": [
        1,
        10,
        6
      ],
      "to": [
        15,
        15,
        6
      ],
      "faces": {
        "north": {
          "uv": [
            0,
            4.25,
            3.5,
            5.5
          ],
          "texture": "#0"
        },
        "east": {
          "uv": [
            0,
            4.25,
            0,
            5.5
          ],
          "texture": "#0"
        },
        "south": {
          "uv": [
            3.5,
            4.25,
            7,
            5.5
          ],
          "texture": "#0"
        },
        "west": {
          "uv": [
            3.5,
            4.25,
            3.5,
            5.5
          ],
          "texture": "#0"
        },
        "up": {
          "uv": [
            3.5,
            4.25,
            0,
            4.25
          ],
          "texture": "#0"
        },
        "down": {
          "uv": [
            7,
            4.25,
            3.5,
            4.25
          ],
          "texture": "#0"
        }
      }
    },
    {
      "from": [
        3.75,
        5,
        5
      ],
      "to": [
        3.75,
        10,
        8
      ],
      "faces": {
        "north": {
          "uv": [
            0.75,
            0.75,
            0.75,
            2
          ],
          "texture": "#0"
        },
        "east": {
          "uv": [
            0,
            0.75,
            0.75,
            2
          ],
          "texture": "#0"
        },
        "south": {
          "uv": [
            1.5,
            0.75,
            1.5,
            2
          ],
          "texture": "#0"
        },
        "west": {
          "uv": [
            0.75,
            0.75,
            1.5,
            2
          ],
          "texture": "#0"
        },
        "up": {
          "uv": [
            0.75,
            0.75,
            0.75,
            0
          ],
          "texture": "#0"
        },
        "down": {
          "uv": [
            0.75,
            0,
            0.75,
            0.75
          ],
          "texture": "#0"
        }
      }
    },
    {
      "from": [
        12.25,
        5,
        5
      ],
      "to": [
        12.25,
        10,
        8
      ],
      "faces": {
        "north": {
          "uv": [
            0.75,
            5.5,
            0.75,
            6.75
          ],
          "texture": "#0"
        },
        "east": {
          "uv": [
            0,
            5.5,
            0.75,
            6.75
          ],
          "texture": "#0"
        },
        "south": {
          "uv": [
            1.5,
            5.5,
            1.5,
            6.75
          ],
          "texture": "#0"
        },
        "west": {
          "uv": [
            0.75,
            5.5,
            1.5,
            6.75
          ],
          "texture": "#0"
        },
        "up": {
          "uv": [
            0.75,
            5.5,
            0.75,
            4.75
          ],
          "texture": "#0"
        },
        "down": {
          "uv": [
            0.75,
            4.75,
            0.75,
            5.5
          ],
          "texture": "#0"
        }
      }
    }
  ]
}
}