{
  "display": {
    "firstperson_righthand": {
      "rotation": [
        0,
        0,
        11
      ]
    },
    "firstperson_lefthand": {
      "rotation": [
        0,
        0,
        11
      ]
    },
    "ground": {
      "scale": [
        0.6,
        0.6,
        0.6
      ]
    },
    "gui": {
      "rotation": [
        34,
        45,
        0
      ],
      "translation": [
        0,
        0.25,
        0
      ],
      "scale": [
        0.8,
        0.8,
        0.8
      ]
    },
    "head": {
      "translation": [
        0,
        7.5,
        0
      ],
      "scale": [
        1.7,
        1.7,
        1.7
      ]
    },
    "fixed": {
      "scale": [
        0.6,
        0.6,
        0.6
      ]
    }
  },
  "texture_size": [
    64,
    64
  ],
  "textures": {
    "0": "hats/crown_hat",
    "particle": "hats/crown_hat"
  },
  "elements": [
    {
      "from": [
        3.75,
        4,
        3.75
      ],
      "to": [
        12.75,
        7.5,
        12.75
      ],
      "rotation": {
        "angle": 0,
        "axis": "y",
        "origin": [
          8,
          6,
          8
        ]
      },
      "faces": {
        "north": {
          "uv": [
            6.75,
            6.25,
            9,
            7
          ],
          "texture": "#0"
        },
        "east": {
          "uv": [
            4.5,
            6.25,
            6.75,
            7
          ],
          "texture": "#0"
        },
        "south": {
          "uv": [
            11.25,
            6.25,
            13.5,
            7
          ],
          "texture": "#0"
        },
        "west": {
          "uv": [
            9,
            6.25,
            11.25,
            7
          ],
          "texture": "#0"
        },
        "up": {
          "uv": [
            9,
            6.25,
            6.75,
            4
          ],
          "texture": "#0"
        },
        "down": {
          "uv": [
            11.25,
            4,
            9,
            6.25
          ],
          "texture": "#0"
        }
      }
    },
    {
      "from": [
        5,
        7.5,
        5
      ],
      "to": [
        11.5,
        9,
        11.5
      ],
      "rotation": {
        "angle": 0,
        "axis": "y",
        "origin": [
          8,
          6,
          8
        ]
      },
      "faces": {
        "north": {
          "uv": [
            6.25,
            2,
            7.75,
            2.25
          ],
          "texture": "#0"
        },
        "east": {
          "uv": [
            4.75,
            2,
            6.25,
            2.25
          ],
          "texture": "#0"
        },
        "south": {
          "uv": [
            9.25,
            2,
            10.75,
            2.25
          ],
          "texture": "#0"
        },
        "west": {
          "uv": [
            7.75,
            2,
            9.25,
            2.25
          ],
          "texture": "#0"
        },
        "up": {
          "uv": [
            7.75,
            2,
            6.25,
            0.5
          ],
          "texture": "#0"
        },
        "down": {
          "uv": [
            9.25,
            0.5,
            7.75,
            2
          ],
          "texture": "#0"
        }
      }
    },
    {
      "from": [
        6.75,
        7.5,
        3.75
      ],
      "to": [
        9.75,
        10.25,
        3.75
      ],
      "rotation": {
        "angle": -22.5,
        "axis": "x",
        "origin": [
          8,
          7.5,
          3.75
        ]
      },
      "faces": {
        "north": {
          "uv": [
            0,
            2.5,
            0.75,
            3
          ],
          "texture": "#0"
        },
        "east": {
          "uv": [
            0,
            2.5,
            0,
            3
          ],
          "texture": "#0"
        },
        "south": {
          "uv": [
            0.75,
            2.5,
            1.5,
            3
          ],
          "texture": "#0"
        },
        "west": {
          "uv": [
            0.75,
            2.5,
            0.75,
            3
          ],
          "texture": "#0"
        },
        "up": {
          "uv": [
            0.75,
            2.5,
            0,
            2.5
          ],
          "texture": "#0"
        },
        "down": {
          "uv": [
            1.5,
            2.5,
            0.75,
            2.5
          ],
          "texture": "#0"
        }
      }
    },
    {
      "from": [
        6.75,
        10,
        2.75
      ],
      "to": [
        9.75,
        10,
        13.75
      ],
      "rotation": {
        "angle": 0,
        "axis": "y",
        "origin": [
          8,
          8,
          4.5
        ]
      },
      "faces": {
        "north": {
          "uv": [
            3.25,
            2.75,
            4,
            2.75
          ],
          "texture": "#0"
        },
        "east": {
          "uv": [
            0.5,
            2.75,
            3.25,
            2.75
          ],
          "texture": "#0"
        },
        "south": {
          "uv": [
            6.75,
            2.75,
            7.5,
            2.75
          ],
          "texture": "#0"
        },
        "west": {
          "uv": [
            4,
            2.75,
            6.75,
            2.75
          ],
          "texture": "#0"
        },
        "up": {
          "uv": [
            4,
            2.75,
            3.25,
            0
          ],
          "texture": "#0"
        },
        "down": {
          "uv": [
            4.75,
            0,
            4,
            2.75
          ],
          "texture": "#0"
        }
      }
    },
    {
      "from": [
        6.75,
        10,
        7.6
      ],
      "to": [
        9.75,
        14,
        7.6
      ],
      "rotation": {
        "angle": 0,
        "axis": "y",
        "origin": [
          8,
          8,
          4.5
        ]
      },
      "faces": {
        "north": {
          "uv": [
            1.75,
            4.25,
            2.5,
            5.25
          ],
          "texture": "#0"
        },
        "east": {
          "uv": [
            1.75,
            4.25,
            1.75,
            5.25
          ],
          "texture": "#0"
        },
        "south": {
          "uv": [
            2.5,
            4.25,
            3.25,
            5.25
          ],
          "texture": "#0"
        },
        "west": {
          "uv": [
            2.5,
            4.25,
            2.5,
            5.25
          ],
          "texture": "#0"
        },
        "up": {
          "uv": [
            2.5,
            4.25,
            1.75,
            4.25
          ],
          "texture": "#0"
        },
        "down": {
          "uv": [
            3.25,
            4.25,
            2.5,
            4.25
          ],
          "texture": "#0"
        }
      }
    },
    {
      "from": [
        6.75,
        10,
        8.35
      ],
      "to": [
        9.75,
        14,
        8.35
      ],
      "rotation": {
        "angle": 0,
        "axis": "y",
        "origin": [
          8,
          8,
          4.5
        ]
      },
      "faces": {
        "north": {
          "uv": [
            3.25,
            2.75,
            4,
            3.75
          ],
          "texture": "#0"
        },
        "east": {
          "uv": [
            3.25,
            2.75,
            3.25,
            3.75
          ],
          "texture": "#0"
        },
        "south": {
          "uv": [
            4,
            2.75,
            4.75,
            3.75
          ],
          "texture": "#0"
        },
        "west": {
          "uv": [
            4,
            2.75,
            4,
            3.75
          ],
          "texture": "#0"
        },
        "up": {
          "uv": [
            4,
            2.75,
            3.25,
            2.75
          ],
          "texture": "#0"
        },
        "down": {
          "uv": [
            4.75,
            2.75,
            4,
            2.75
          ],
          "texture": "#0"
        }
      }
    },
    {
      "from": [
        2.75,
        10,
        6.75
      ],
      "to": [
        6.75,
        10,
        9.75
      ],
      "rotation": {
        "angle": 0,
        "axis": "y",
        "origin": [
          8,
          8,
          4.5
        ]
      },
      "faces": {
        "north": {
          "uv": [
            0.75,
            2,
            1.75,
            2
          ],
          "texture": "#0"
        },
        "east": {
          "uv": [
            0,
            2,
            0.75,
            2
          ],
          "texture": "#0"
        },
        "south": {
          "uv": [
            2.5,
            2,
            3.5,
            2
          ],
          "texture": "#0"
        },
        "west": {
          "uv": [
            1.75,
            2,
            2.5,
            2
          ],
          "texture": "#0"
        },
        "up": {
          "uv": [
            1.75,
            2,
            0.75,
            1.25
          ],
          "texture": "#0"
        },
        "down": {
          "uv": [
            2.75,
            1.25,
            1.75,
            2
          ],
          "texture": "#0"
        }
      }
    },
    {
      "from": [
        9.75,
        10,
        6.75
      ],
      "to": [
        13.75,
        10,
        9.75
      ],
      "rotation": {
        "angle": 0,
        "axis": "y",
        "origin": [
          8,
          8,
          4.5
        ]
      },
      "faces": {
        "north": {
          "uv": [
            0.75,
            0.75,
            1.75,
            0.75
          ],
          "texture": "#0"
        },
        "east": {
          "uv": [
            0,
            0.75,
            0.75,
            0.75
          ],
          "texture": "#0"
        },
        "south": {
          "uv": [
            2.5,
            0.75,
            3.5,
            0.75
          ],
          "texture": "#0"
        },
        "west": {
          "uv": [
            1.75,
            0.75,
            2.5,
            0.75
          ],
          "texture": "#0"
        },
        "up": {
          "uv": [
            1.75,
            0.75,
            0.75,
            0
          ],
          "texture": "#0"
        },
        "down": {
          "uv": [
            2.75,
            0,
            1.75,
            0.75
          ],
          "texture": "#0"
        }
      }
    },
    {
      "from": [
        6.75,
        7.5,
        12.75
      ],
      "to": [
        9.75,
        10.25,
        12.75
      ],
      "rotation": {
        "angle": 22.5,
        "axis": "x",
        "origin": [
          8,
          7.5,
          12.75
        ]
      },
      "faces": {
        "north": {
          "uv": [
            1.5,
            2,
            2.25,
            2.5
          ],
          "texture": "#0"
        },
        "east": {
          "uv": [
            1.5,
            2,
            1.5,
            2.5
          ],
          "texture": "#0"
        },
        "south": {
          "uv": [
            2.25,
            2,
            3,
            2.5
          ],
          "texture": "#0"
        },
        "west": {
          "uv": [
            2.25,
            2,
            2.25,
            2.5
          ],
          "texture": "#0"
        },
        "up": {
          "uv": [
            2.25,
            2,
            1.5,
            2
          ],
          "texture": "#0"
        },
        "down": {
          "uv": [
            3,
            2,
            2.25,
            2
          ],
          "texture": "#0"
        }
      }
    },
    {
      "from": [
        12.75,
        7.5,
        6.75
      ],
      "to": [
        12.75,
        10.25,
        9.75
      ],
      "rotation": {
        "angle": -22.5,
        "axis": "z",
        "origin": [
          12.75,
          7.5,
          8
        ]
      },
      "faces": {
        "north": {
          "uv": [
            2.25,
            0.75,
            2.25,
            1.25
          ],
          "texture": "#0"
        },
        "east": {
          "uv": [
            1.5,
            0.75,
            2.25,
            1.25
          ],
          "texture": "#0"
        },
        "south": {
          "uv": [
            3,
            0.75,
            3,
            1.25
          ],
          "texture": "#0"
        },
        "west": {
          "uv": [
            2.25,
            0.75,
            3,
            1.25
          ],
          "texture": "#0"
        },
        "up": {
          "uv": [
            2.25,
            0.75,
            2.25,
            0
          ],
          "texture": "#0"
        },
        "down": {
          "uv": [
            2.25,
            0,
            2.25,
            0.75
          ],
          "texture": "#0"
        }
      }
    },
    {
      "from": [
        3.75,
        7.5,
        6.75
      ],
      "to": [
        3.75,
        10.25,
        9.75
      ],
      "rotation": {
        "angle": 22.5,
        "axis": "z",
        "origin": [
          3.75,
          7.5,
          8
        ]
      },
      "faces": {
        "north": {
          "uv": [
            0.75,
            2,
            0.75,
            2.5
          ],
          "texture": "#0"
        },
        "east": {
          "uv": [
            0,
            2,
            0.75,
            2.5
          ],
          "texture": "#0"
        },
        "south": {
          "uv": [
            1.5,
            2,
            1.5,
            2.5
          ],
          "texture": "#0"
        },
        "west": {
          "uv": [
            0.75,
            2,
            1.5,
            2.5
          ],
          "texture": "#0"
        },
        "up": {
          "uv": [
            0.75,
            2,
            0.75,
            1.25
          ],
          "texture": "#0"
        },
        "down": {
          "uv": [
            0.75,
            1.25,
            0.75,
            2
          ],
          "texture": "#0"
        }
      }
    }
  ]
}