{
  "display": {
    "firstperson_righthand": {
      "rotation": [
        0,
        0,
        11
      ]
    },
    "firstperson_lefthand": {
      "rotation": [
        0,
        0,
        11
      ]
    },
    "ground": {
      "scale": [
        0.6,
        0.6,
        0.6
      ]
    },
    "gui": {
      "rotation": [
        34,
        45,
        0
      ],
      "translation": [
        0,
        -2.5,
        0
      ],
      "scale": [
        0.9,
        0.9,
        0.9
      ]
    },
    "head": {
      "scale": [
        1.61,
        1.61,
        1.61
      ]
    },
    "fixed": {
      "scale": [
        0.6,
        0.6,
        0.6
      ]
    }
  },
  "texture_size": [
    64,
    64
  ],
  "textures": {
    "2": "hats/fruit_bowl_hat",
    "particle": "bowl"
  },
  "elements": [
    {
      "from": [
        3,
        10,
        3
      ],
      "to": [
        13,
        13,
        13
      ],
      "faces": {
        "north": {
          "uv": [
            2.5,
            2.5,
            5,
            3.25
          ],
          "texture": "#2"
        },
        "east": {
          "uv": [
            0,
            2.5,
            2.5,
            3.25
          ],
          "texture": "#2"
        },
        "south": {
          "uv": [
            7.5,
            2.5,
            10,
            3.25
          ],
          "texture": "#2"
        },
        "west": {
          "uv": [
            5,
            2.5,
            7.5,
            3.25
          ],
          "texture": "#2"
        },
        "up": {
          "uv": [
            5,
            2.5,
            2.5,
            0
          ],
          "texture": "#2"
        },
        "down": {
          "uv": [
            7.5,
            0,
            5,
            2.5
          ],
          "texture": "#2"
        }
      }
    },
    {
      "from": [
        4,
        12,
        9
      ],
      "to": [
        7,
        15,
        12
      ],
      "faces": {
        "north": {
          "uv": [
            3,
            5.5,
            3.75,
            6.25
          ],
          "texture": "#2"
        },
        "east": {
          "uv": [
            2.25,
            5.5,
            3,
            6.25
          ],
          "texture": "#2"
        },
        "south": {
          "uv": [
            4.5,
            5.5,
            5.25,
            6.25
          ],
          "texture": "#2"
        },
        "west": {
          "uv": [
            3.75,
            5.5,
            4.5,
            6.25
          ],
          "texture": "#2"
        },
        "up": {
          "uv": [
            3.75,
            5.5,
            3,
            4.75
          ],
          "texture": "#2"
        },
        "down": {
          "uv": [
            4.5,
            4.75,
            3.75,
            5.5
          ],
          "texture": "#2"
        }
      }
    },
    {
      "from": [
        5,
        13,
        -1
      ],
      "to": [
        8,
        17,
        2
      ],
      "rotation": {
        "angle": 22.5,
        "axis": "x",
        "origin": [
          0,
          0,
          0
        ]
      },
      "faces": {
        "north": {
          "uv": [
            0.75,
            4,
            1.5,
            5
          ],
          "texture": "#2"
        },
        "east": {
          "uv": [
            0,
            4,
            0.75,
            5
          ],
          "texture": "#2"
        },
        "south": {
          "uv": [
            2.25,
            4,
            3,
            5
          ],
          "texture": "#2"
        },
        "west": {
          "uv": [
            1.5,
            4,
            2.25,
            5
          ],
          "texture": "#2"
        },
        "up": {
          "uv": [
            1.5,
            4,
            0.75,
            3.25
          ],
          "texture": "#2"
        },
        "down": {
          "uv": [
            2.25,
            3.25,
            1.5,
            4
          ],
          "texture": "#2"
        }
      }
    },
    {
      "from": [
        5,
        17,
        0.5
      ],
      "to": [
        8,
        19,
        0.5
      ],
      "rotation": {
        "angle": 22.5,
        "axis": "x",
        "origin": [
          0,
          0,
          0
        ]
      },
      "faces": {
        "north": {
          "uv": [
            0,
            2,
            0.75,
            2.5
          ],
          "texture": "#2"
        },
        "east": {
          "uv": [
            0,
            2,
            0,
            2.5
          ],
          "texture": "#2"
        },
        "south": {
          "uv": [
            0.75,
            2,
            1.5,
            2.5
          ],
          "texture": "#2"
        },
        "west": {
          "uv": [
            0.75,
            2,
            0.75,
            2.5
          ],
          "texture": "#2"
        },
        "up": {
          "uv": [
            0.75,
            2,
            0,
            2
          ],
          "texture": "#2"
        },
        "down": {
          "uv": [
            1.5,
            2,
            0.75,
            2
          ],
          "texture": "#2"
        }
      }
    },
    {
      "from": [
        10,
        12,
        1
      ],
      "to": [
        13,
        15,
        4
      ],
      "rotation": {
        "angle": -22.5,
        "axis": "y",
        "origin": [
          0,
          0,
          0
        ]
      },
      "faces": {
        "north": {
          "uv": [
            3.75,
            4,
            4.5,
            4.75
          ],
          "texture": "#2"
        },
        "east": {
          "uv": [
            3,
            4,
            3.75,
            4.75
          ],
          "texture": "#2"
        },
        "south": {
          "uv": [
            5.25,
            4,
            6,
            4.75
          ],
          "texture": "#2"
        },
        "west": {
          "uv": [
            4.5,
            4,
            5.25,
            4.75
          ],
          "texture": "#2"
        },
        "up": {
          "uv": [
            4.5,
            4,
            3.75,
            3.25
          ],
          "texture": "#2"
        },
        "down": {
          "uv": [
            5.25,
            3.25,
            4.5,
            4
          ],
          "texture": "#2"
        }
      }
    },
    {
      "from": [
        10,
        15,
        2.5
      ],
      "to": [
        13,
        16,
        2.5
      ],
      "rotation": {
        "angle": -22.5,
        "axis": "y",
        "origin": [
          0,
          0,
          0
        ]
      },
      "faces": {
        "north": {
          "uv": [
            2.25,
            3.25,
            3,
            3.5
          ],
          "texture": "#2"
        },
        "east": {
          "uv": [
            2.25,
            3.25,
            2.25,
            3.5
          ],
          "texture": "#2"
        },
        "south": {
          "uv": [
            3,
            3.25,
            3.75,
            3.5
          ],
          "texture": "#2"
        },
        "west": {
          "uv": [
            3,
            3.25,
            3,
            3.5
          ],
          "texture": "#2"
        },
        "up": {
          "uv": [
            3,
            3.25,
            2.25,
            3.25
          ],
          "texture": "#2"
        },
        "down": {
          "uv": [
            3.75,
            3.25,
            3,
            3.25
          ],
          "texture": "#2"
        }
      }
    },
    {
      "from": [
        5,
        13,
        10.5
      ],
      "to": [
        6,
        16,
        10.5
      ],
      "faces": {
        "north": {
          "uv": [
            2.25,
            3.25,
            2.5,
            4
          ],
          "texture": "#2"
        },
        "east": {
          "uv": [
            2.25,
            3.25,
            2.25,
            4
          ],
          "texture": "#2"
        },
        "south": {
          "uv": [
            2.5,
            3.25,
            2.75,
            4
          ],
          "texture": "#2"
        },
        "west": {
          "uv": [
            2.5,
            3.25,
            2.5,
            4
          ],
          "texture": "#2"
        },
        "up": {
          "uv": [
            2.5,
            3.25,
            2.25,
            3.25
          ],
          "texture": "#2"
        },
        "down": {
          "uv": [
            2.75,
            3.25,
            2.5,
            3.25
          ],
          "texture": "#2"
        }
      }
    },
    {
      "from": [
        3,
        15,
        8
      ],
      "to": [
        5,
        20,
        11
      ],
      "rotation": {
        "angle": -22.5,
        "axis": "z",
        "origin": [
          0,
          0,
          0
        ]
      },
      "faces": {
        "north": {
          "uv": [
            0.75,
            0.75,
            1.25,
            2
          ],
          "texture": "#2"
        },
        "east": {
          "uv": [
            0,
            0.75,
            0.75,
            2
          ],
          "texture": "#2"
        },
        "south": {
          "uv": [
            2,
            0.75,
            2.5,
            2
          ],
          "texture": "#2"
        },
        "west": {
          "uv": [
            1.25,
            0.75,
            2,
            2
          ],
          "texture": "#2"
        },
        "up": {
          "uv": [
            1.25,
            0.75,
            0.75,
            0
          ],
          "texture": "#2"
        },
        "down": {
          "uv": [
            1.75,
            0,
            1.25,
            0.75
          ],
          "texture": "#2"
        }
      }
    }
  ]
}