{
  "parent": "minecraft:item/handheld",
  "textures": {
    "layer0": "minecraft:item/netherite_sword"
  },
  "overrides": [
    {
      "predicate": {
        "custom_model_data": 70
      },
      "model": "stealfun:clown/clown_sword"
    },
    {
      "predicate": {
        "custom_model_data": 20001
      },
      "model": "stealfun:saber/blue"
    },
    {
      "predicate": {
        "custom_model_data": 20002
      },
      "model": "stealfun:saber/green"
    },
    {
      "predicate": {
        "custom_model_data": 20003
      },
      "model": "stealfun:saber/orange"
    },
    {
      "predicate": {
        "custom_model_data": 20004
      },
      "model": "stealfun:saber/pink"
    },
    {
      "predicate": {
        "custom_model_data": 20005
      },
      "model": "stealfun:saber/purple"
    },
    {
      "predicate": {
        "custom_model_data": 20006
      },
      "model": "stealfun:saber/red"
    },
    {
      "predicate": {
        "custom_model_data": 20007
      },
      "model": "stealfun:saber/yellow"
    },
	{ "predicate": {"custom_model_data": 30000}, "model": "stealfun:valentines/cupids_greatsword"},
	{ "predicate": {"custom_model_data": 30001}, "model": "stealfun:valentines/cupids_shortsword"}
  ]
}