{
  "parent": "minecraft:item/generated",
  "textures": {
    "layer0": "minecraft:item/flint"
  },
  "overrides": [
    {
      "predicate": {
        "custom_model_data": 1
      },
      "model": "minecraft:item/custom/hats/axolotl_hat"
    },
    {
      "predicate": {
        "custom_model_data": 2
      },
      "model": "minecraft:item/custom/hats/cake_hat"
    },
    {
      "predicate": {
        "custom_model_data": 3
      },
      "model": "minecraft:item/custom/hats/crown_hat"
    },
    {
      "predicate": {
        "custom_model_data": 4
      },
      "model": "minecraft:item/custom/hats/globe_hat"
    },
    {
      "predicate": {
        "custom_model_data": 5
      },
      "model": "minecraft:item/custom/hats/skull_hat"
    },
    {
      "predicate": {
        "custom_model_data": 6
      },
      "model": "minecraft:item/custom/hats/witch_hat_purple"
    },
    {
      "predicate": {
        "custom_model_data": 7
      },
      "model": "minecraft:item/custom/hats/wizard_hat"
    },
    {
      "predicate": {
        "custom_model_data": 8
      },
      "model": "minecraft:item/custom/hats/wumpus_hat"
    },
    {
      "predicate": {
        "custom_model_data": 9
      },
      "model": "minecraft:item/custom/hats/fruit_bowl_hat"
    }
  ]
}